,game_date,total_pts,total_min,total_games,season_type,season,league_avg_ppm,days_since_last_game,date_num
0,2013-10-29,605.0,1438.0,3,2,2014,4.2072322670375515,130.0,1
1,2013-10-30,2796.0,6775.0,14,2,2014,4.126937269372694,1.0,2
2,2013-10-31,404.0,960.0,2,2,2014,4.208333333333333,1.0,3
3,2013-11-01,2573.0,6284.0,13,2,2014,4.094525779758116,1.0,4
4,2013-11-02,1562.0,3841.0,8,2,2014,4.066649310075501,1.0,5
5,2013-11-03,1169.0,2890.0,6,2,2014,4.044982698961937,1.0,6
6,2013-11-04,823.0,1924.0,4,2,2014,4.277546777546777,1.0,7
7,2013-11-05,1827.0,4322.0,9,2,2014,4.227209625173531,1.0,8
8,2013-11-06,1939.0,4807.0,10,2,2014,4.033700852922821,1.0,9
9,2013-11-07,612.0,1437.0,3,2,2014,4.258872651356994,1.0,10
10,2013-11-08,2306.0,5805.0,12,2,2014,3.972437553832903,1.0,11
11,2013-11-09,1818.0,4421.0,9,2,2014,4.112191811807283,1.0,12
12,2013-11-10,818.0,1970.0,4,2,2014,4.152284263959391,1.0,13
13,2013-11-11,1790.0,4418.0,9,2,2014,4.051607062019013,1.0,14
14,2013-11-12,832.0,1924.0,4,2,2014,4.324324324324325,1.0,15
15,2013-11-13,2375.0,5807.0,12,2,2014,4.089891510246254,1.0,16
16,2013-11-14,446.0,961.0,2,2,2014,4.640998959417274,1.0,17
17,2013-11-15,2119.0,5334.0,11,2,2014,3.972628421447319,1.0,18
18,2013-11-16,2223.0,5339.0,11,2,2014,4.1637010676156585,1.0,19
19,2013-11-17,624.0,1488.0,3,2,2014,4.193548387096774,1.0,20
20,2013-11-18,1185.0,2880.0,6,2,2014,4.114583333333333,1.0,21
21,2013-11-19,979.0,2395.0,5,2,2014,4.087682672233821,1.0,22
22,2013-11-20,2574.0,6347.0,13,2,2014,4.055459272097053,1.0,23
23,2013-11-21,380.0,961.0,2,2,2014,3.9542143600416235,1.0,24
24,2013-11-22,2129.0,5334.0,11,2,2014,3.9913760779902514,1.0,25
25,2013-11-23,1996.0,4802.0,10,2,2014,4.156601416076635,1.0,26
26,2013-11-24,963.0,2404.0,5,2,2014,4.005823627287853,1.0,27
27,2013-11-25,1725.0,4369.0,9,2,2014,3.9482719157701993,1.0,28
28,2013-11-26,833.0,1920.0,4,2,2014,4.338541666666667,1.0,29
29,2013-11-27,2341.0,5810.0,12,2,2014,4.029259896729776,1.0,30
30,2013-11-29,2546.0,6336.0,13,2,2014,4.01830808080808,2.0,31
31,2013-11-30,1413.0,3367.0,7,2,2014,4.196614196614196,1.0,32
32,2013-12-01,1695.0,3841.0,8,2,2014,4.412913303827128,1.0,33
33,2013-12-02,1059.0,2550.0,5,2,2014,4.152941176470589,1.0,34
34,2013-12-03,1640.0,3941.0,8,2,2014,4.161380360314641,1.0,35
35,2013-12-04,1371.0,3365.0,7,2,2014,4.074294205052006,1.0,36
36,2013-12-05,572.0,1447.0,3,2,2014,3.9530062197650313,1.0,37
37,2013-12-06,2041.0,4848.0,10,2,2014,4.2099834983498345,1.0,38
38,2013-12-07,1718.0,4369.0,9,2,2014,3.932249942778668,1.0,39
39,2013-12-08,990.0,2400.0,5,2,2014,4.125,1.0,40
40,2013-12-09,1139.0,2878.0,6,2,2014,3.957609451007644,1.0,41
41,2013-12-10,1578.0,3839.0,8,2,2014,4.1104454284970044,1.0,42
42,2013-12-11,1755.0,4368.0,9,2,2014,4.017857142857142,1.0,43
43,2013-12-12,410.0,959.0,2,2,2014,4.2752867570385815,1.0,44
44,2013-12-13,2664.0,6288.0,13,2,2014,4.236641221374046,1.0,45
45,2013-12-14,1624.0,3845.0,8,2,2014,4.223667100130039,1.0,46
46,2013-12-15,1213.0,2935.0,6,2,2014,4.132879045996593,1.0,47
47,2013-12-16,1619.0,3836.0,8,2,2014,4.2205422314911365,1.0,48
48,2013-12-17,1000.0,2406.0,5,2,2014,4.156275976724855,1.0,49
49,2013-12-18,2477.0,5912.0,12,2,2014,4.18978349120433,1.0,50
50,2013-12-19,408.0,959.0,2,2,2014,4.254431699687174,1.0,51
51,2013-12-20,1925.0,4472.0,9,2,2014,4.304561717352415,1.0,52
52,2013-12-21,2431.0,5762.0,12,2,2014,4.219021173203749,1.0,53
53,2013-12-22,623.0,1488.0,3,2,2014,4.186827956989247,1.0,54
54,2013-12-23,2272.0,5382.0,11,2,2014,4.2214790040876995,1.0,55
55,2013-12-25,1003.0,2405.0,5,2,2014,4.17047817047817,2.0,56
56,2013-12-26,895.0,2070.0,4,2,2014,4.323671497584541,1.0,57
57,2013-12-27,1782.0,4369.0,9,2,2014,4.078736552986954,1.0,58
58,2013-12-28,2479.0,5815.0,12,2,2014,4.2631126397248496,1.0,59
59,2013-12-29,1057.0,2440.0,5,2,2014,4.331967213114754,1.0,60
60,2013-12-30,1354.0,3364.0,7,2,2014,4.024970273483948,1.0,61
61,2013-12-31,1475.0,3841.0,8,2,2014,3.84014579536579,1.0,62
62,2014-01-01,991.0,2399.0,5,2,2014,4.130887869945811,1.0,63
63,2014-01-02,1803.0,4369.0,9,2,2014,4.126802471961548,1.0,64
64,2014-01-03,1438.0,3363.0,7,2,2014,4.275944097531966,1.0,65
65,2014-01-04,1797.0,4322.0,9,2,2014,4.157797316057381,1.0,66
66,2014-01-05,1402.0,3365.0,7,2,2014,4.166419019316494,1.0,67
67,2014-01-06,580.0,1441.0,3,2,2014,4.02498265093685,1.0,68
68,2014-01-07,2385.0,5815.0,12,2,2014,4.1014617368873605,1.0,69
69,2014-01-08,1826.0,4320.0,9,2,2014,4.226851851851852,1.0,70
70,2014-01-09,383.0,960.0,2,2,2014,3.9895833333333335,1.0,71
71,2014-01-10,2310.0,5861.0,12,2,2014,3.941306944207473,1.0,72
72,2014-01-11,1842.0,4323.0,9,2,2014,4.260929909784871,1.0,73
73,2014-01-12,603.0,1446.0,3,2,2014,4.170124481327801,1.0,74
74,2014-01-13,1401.0,3413.0,7,2,2014,4.1048930559624965,1.0,75
75,2014-01-14,829.0,1921.0,4,2,2014,4.315460697553358,1.0,76
76,2014-01-15,2551.0,5908.0,12,2,2014,4.317874069058903,1.0,77
77,2014-01-16,639.0,1439.0,3,2,2014,4.440583738707436,1.0,78
78,2014-01-17,2466.0,5762.0,12,2,2014,4.279763970843457,1.0,79
79,2014-01-18,1591.0,3886.0,8,2,2014,4.094184251158003,1.0,80
80,2014-01-19,1015.0,2403.0,5,2,2014,4.223886808156471,1.0,81
81,2014-01-20,2057.0,4857.0,10,2,2014,4.235124562487132,1.0,82
82,2014-01-21,992.0,2397.0,5,2,2014,4.138506466416354,1.0,83
83,2014-01-22,2072.0,4846.0,10,2,2014,4.275691291787041,1.0,84
84,2014-01-23,426.0,960.0,2,2,2014,4.4375,1.0,85
85,2014-01-24,2641.0,6292.0,13,2,2014,4.1973935155753335,1.0,86
86,2014-01-25,1622.0,3841.0,8,2,2014,4.222858630564957,1.0,87
87,2014-01-26,1627.0,3840.0,8,2,2014,4.236979166666667,1.0,88
88,2014-01-27,1250.0,2878.0,6,2,2014,4.343293954134816,1.0,89
89,2014-01-28,1316.0,3364.0,7,2,2014,3.912009512485137,1.0,90
90,2014-01-29,1999.0,4806.0,10,2,2014,4.159384103204328,1.0,91
91,2014-01-30,602.0,1442.0,3,2,2014,4.174757281553398,1.0,92
92,2014-01-31,1633.0,3845.0,8,2,2014,4.247074122236671,1.0,93
93,2014-02-01,2349.0,5760.0,12,2,2014,4.078125,1.0,94
94,2014-02-02,185.0,480.0,1,2,2014,3.8541666666666665,1.0,95
95,2014-02-03,2138.0,5293.0,11,2,2014,4.03929718496127,1.0,96
96,2014-02-04,741.0,1925.0,4,2,2014,3.8493506493506495,1.0,97
97,2014-02-05,2578.0,5854.0,12,2,2014,4.403826443457465,1.0,98
98,2014-02-06,381.0,961.0,2,2,2014,3.964620187304891,1.0,99
99,2014-02-07,2071.0,4847.0,10,2,2014,4.27274602847122,1.0,100
100,2014-02-08,1431.0,3359.0,7,2,2014,4.2601964870497175,1.0,101
101,2014-02-09,1494.0,3884.0,8,2,2014,3.8465499485066945,1.0,102
102,2014-02-10,1204.0,2878.0,6,2,2014,4.183460736622655,1.0,103
103,2014-02-11,1345.0,3364.0,7,2,2014,3.998216409036861,1.0,104
104,2014-02-12,2584.0,6299.0,13,2,2014,4.1022384505477065,1.0,105
105,2014-02-13,378.0,961.0,2,2,2014,3.9334027055150886,1.0,106
106,2014-02-16,318.0,480.0,1,2,2014,6.625,3.0,107
107,2014-02-18,1858.0,4372.0,9,2,2014,4.249771271729186,2.0,108
108,2014-02-19,2242.0,5276.0,11,2,2014,4.249431387414708,1.0,109
109,2014-02-20,576.0,1492.0,3,2,2014,3.86058981233244,1.0,110
110,2014-02-21,2058.0,4903.0,10,2,2014,4.1974301448093,1.0,111
111,2014-02-22,1605.0,3846.0,8,2,2014,4.173166926677067,1.0,112
112,2014-02-23,1634.0,3842.0,8,2,2014,4.252993232691307,1.0,113
113,2014-02-24,1099.0,2396.0,5,2,2014,4.586811352253757,1.0,114
114,2014-02-25,1477.0,3358.0,7,2,2014,4.3984514592019055,1.0,115
115,2014-02-26,2045.0,4805.0,10,2,2014,4.255983350676379,1.0,116
116,2014-02-27,851.0,2068.0,4,2,2014,4.115087040618955,1.0,117
117,2014-02-28,1460.0,3360.0,7,2,2014,4.345238095238095,1.0,118
118,2014-03-01,1860.0,4320.0,9,2,2014,4.305555555555555,1.0,119
119,2014-03-02,1441.0,3360.0,7,2,2014,4.288690476190476,1.0,120
120,2014-03-03,1662.0,3840.0,8,2,2014,4.328125,1.0,121
121,2014-03-04,1300.0,2876.0,6,2,2014,4.520166898470097,1.0,122
122,2014-03-05,2020.0,4801.0,10,2,2014,4.207456779837534,1.0,123
123,2014-03-06,684.0,1441.0,3,2,2014,4.7467036780013885,1.0,124
124,2014-03-07,2203.0,5284.0,11,2,2014,4.169190007570023,1.0,125
125,2014-03-08,1271.0,2890.0,6,2,2014,4.397923875432526,1.0,126
126,2014-03-09,1912.0,4468.0,9,2,2014,4.279319606087735,1.0,127
127,2014-03-10,1465.0,3362.0,7,2,2014,4.357525282569899,1.0,128
128,2014-03-11,1383.0,3370.0,7,2,2014,4.103857566765579,1.0,129
129,2014-03-12,2215.0,5277.0,11,2,2014,4.197460678415766,1.0,130
130,2014-03-13,630.0,1442.0,3,2,2014,4.368932038834952,1.0,131
131,2014-03-14,1967.0,4852.0,10,2,2014,4.053998351195384,1.0,132
132,2014-03-15,1170.0,2932.0,6,2,2014,3.990450204638472,1.0,133
133,2014-03-16,1919.0,4373.0,9,2,2014,4.388291790532815,1.0,134
134,2014-03-17,1357.0,3361.0,7,2,2014,4.037488842606367,1.0,135
135,2014-03-18,1082.0,2550.0,5,2,2014,4.243137254901961,1.0,136
136,2014-03-19,2071.0,4847.0,10,2,2014,4.27274602847122,1.0,137
137,2014-03-20,876.0,1918.0,4,2,2014,4.567257559958289,1.0,138
138,2014-03-21,2017.0,4897.0,10,2,2014,4.118848274453748,1.0,139
139,2014-03-22,1553.0,3850.0,8,2,2014,4.033766233766234,1.0,140
140,2014-03-23,1481.0,3412.0,7,2,2014,4.340562719812427,1.0,141
141,2014-03-24,1979.0,4859.0,10,2,2014,4.072854496810043,1.0,142
142,2014-03-25,852.0,1970.0,4,2,2014,4.324873096446701,1.0,143
143,2014-03-26,1947.0,4854.0,10,2,2014,4.011124845488257,1.0,144
144,2014-03-27,828.0,1919.0,4,2,2014,4.314747264200104,1.0,145
145,2014-03-28,2400.0,5805.0,12,2,2014,4.134366925064599,1.0,146
146,2014-03-29,1178.0,2883.0,6,2,2014,4.086021505376344,1.0,147
147,2014-03-30,1581.0,3847.0,8,2,2014,4.10969586690928,1.0,148
148,2014-03-31,1927.0,4802.0,10,2,2014,4.0129112869637655,1.0,149
149,2014-04-01,679.0,1490.0,3,2,2014,4.557046979865772,1.0,150
150,2014-04-02,2673.0,6248.0,13,2,2014,4.278169014084507,1.0,151
151,2014-04-03,420.0,960.0,2,2,2014,4.375,1.0,152
152,2014-04-04,2810.0,6824.0,14,2,2014,4.117819460726847,1.0,153
153,2014-04-05,1188.0,2927.0,6,2,2014,4.0587632388110695,1.0,154
154,2014-04-06,1911.0,4366.0,9,2,2014,4.377004122766834,1.0,155
155,2014-04-08,1225.0,2879.0,6,2,2014,4.254949635290032,2.0,156
156,2014-04-09,2503.0,5810.0,12,2,2014,4.308089500860585,1.0,157
157,2014-04-10,408.0,962.0,2,2,2014,4.241164241164241,1.0,158
158,2014-04-11,2680.0,6248.0,13,2,2014,4.289372599231754,1.0,159
159,2014-04-12,1631.0,3838.0,8,2,2014,4.24960917144346,1.0,160
160,2014-04-13,1433.0,3408.0,7,2,2014,4.20481220657277,1.0,161
161,2014-04-14,2082.0,4802.0,10,2,2014,4.335693461057892,1.0,162
162,2014-04-15,429.0,960.0,2,2,2014,4.46875,1.0,163
163,2014-04-16,3134.0,7403.0,15,2,2014,4.233418884236121,1.0,164
164,2014-04-19,775.0,1920.0,4,3,2014,4.036458333333333,3.0,165
165,2014-04-20,799.0,1972.0,4,3,2014,4.051724137931035,1.0,166
166,2014-04-21,452.0,1011.0,2,3,2014,4.47082096933729,1.0,167
167,2014-04-22,581.0,1489.0,3,3,2014,3.901947615849563,1.0,168
168,2014-04-23,620.0,1438.0,3,3,2014,4.3115438108484,1.0,169
169,2014-04-24,570.0,1487.0,3,3,2014,3.833221250840619,1.0,170
170,2014-04-25,634.0,1491.0,3,3,2014,4.252179745137492,1.0,171
171,2014-04-26,760.0,1969.0,4,3,2014,3.8598273235144744,1.0,172
172,2014-04-27,811.0,1974.0,4,3,2014,4.108409321175278,1.0,173
173,2014-04-28,593.0,1439.0,3,3,2014,4.120917303683113,1.0,174
174,2014-04-29,559.0,1490.0,3,3,2014,3.751677852348993,1.0,175
175,2014-04-30,646.0,1442.0,3,3,2014,4.47988904299584,1.0,176
176,2014-05-01,570.0,1439.0,3,3,2014,3.9610840861709518,1.0,177
177,2014-05-02,601.0,1439.0,3,3,2014,4.176511466296039,1.0,178
178,2014-05-03,648.0,1439.0,3,3,2014,4.503127171646977,1.0,179
179,2014-05-04,422.0,960.0,2,3,2014,4.395833333333333,1.0,180
180,2014-05-05,425.0,963.0,2,3,2014,4.413291796469367,1.0,181
181,2014-05-06,401.0,957.0,2,3,2014,4.1901776384535,1.0,182
182,2014-05-07,381.0,958.0,2,3,2014,3.977035490605428,1.0,183
183,2014-05-08,387.0,963.0,2,3,2014,4.018691588785047,1.0,184
184,2014-05-09,378.0,961.0,2,3,2014,3.9334027055150886,1.0,185
185,2014-05-10,415.0,966.0,2,3,2014,4.296066252587992,1.0,186
186,2014-05-11,387.0,961.0,2,3,2014,4.027055150884496,1.0,187
187,2014-05-12,393.0,961.0,2,3,2014,4.0894901144641,1.0,188
188,2014-05-13,390.0,959.0,2,3,2014,4.066736183524505,1.0,189
189,2014-05-14,376.0,960.0,2,3,2014,3.9166666666666665,1.0,190
190,2014-05-15,375.0,960.0,2,3,2014,3.90625,1.0,191
191,2014-05-18,203.0,486.0,1,3,2014,4.176954732510288,3.0,192
192,2014-05-19,227.0,480.0,1,3,2014,4.729166666666667,1.0,193
193,2014-05-20,170.0,482.0,1,3,2014,3.5269709543568464,1.0,194
194,2014-05-21,189.0,481.0,1,3,2014,3.929313929313929,1.0,195
195,2014-05-24,186.0,481.0,1,3,2014,3.866943866943867,3.0,196
196,2014-05-25,203.0,481.0,1,3,2014,4.22037422037422,1.0,197
197,2014-05-26,192.0,483.0,1,3,2014,3.975155279503106,1.0,198
198,2014-05-27,197.0,480.0,1,3,2014,4.104166666666667,1.0,199
199,2014-05-28,183.0,479.0,1,3,2014,3.8204592901878915,1.0,200
200,2014-05-29,206.0,479.0,1,3,2014,4.30062630480167,1.0,201
201,2014-05-30,209.0,483.0,1,3,2014,4.32712215320911,1.0,202
202,2014-05-31,219.0,530.0,1,3,2014,4.132075471698113,1.0,203
203,2014-06-05,205.0,481.0,1,3,2014,4.261954261954262,5.0,204
204,2014-06-08,194.0,481.0,1,3,2014,4.033264033264033,3.0,205
205,2014-06-10,203.0,481.0,1,3,2014,4.22037422037422,2.0,206
206,2014-06-12,193.0,483.0,1,3,2014,3.995859213250518,2.0,207
207,2014-06-15,191.0,479.0,1,3,2014,3.987473903966597,3.0,208
208,2014-10-28,584.0,1440.0,3,2,2015,4.055555555555555,135.0,1
209,2014-10-29,2387.0,5811.0,12,2,2015,4.10772672517639,1.0,2
210,2014-10-30,981.0,2404.0,5,2,2015,4.080698835274542,1.0,3
211,2014-10-31,1191.0,2931.0,6,2,2015,4.063459570112589,1.0,4
212,2014-11-01,2395.0,5766.0,12,2,2015,4.153659382587582,1.0,5
213,2014-11-02,773.0,1922.0,4,2,2015,4.021852237252862,1.0,6
214,2014-11-03,1226.0,2883.0,6,2,2015,4.252514741588623,1.0,7
215,2014-11-04,1516.0,3836.0,8,2,2015,3.952033368091762,1.0,8
216,2014-11-05,2381.0,5814.0,12,2,2015,4.095287237702099,1.0,9
217,2014-11-06,374.0,957.0,2,2,2015,3.908045977011494,1.0,10
218,2014-11-07,2279.0,5531.0,11,2,2015,4.120412222021334,1.0,11
219,2014-11-08,1564.0,3845.0,8,2,2015,4.067620286085826,1.0,12
220,2014-11-09,1613.0,3847.0,8,2,2015,4.192877566935274,1.0,13
221,2014-11-10,955.0,2402.0,5,2,2015,3.9758534554537888,1.0,14
222,2014-11-11,1195.0,2880.0,6,2,2015,4.149305555555555,1.0,15
223,2014-11-12,1842.0,4323.0,9,2,2015,4.260929909784871,1.0,16
224,2014-11-13,813.0,1919.0,4,2,2015,4.236581552892131,1.0,17
225,2014-11-14,2004.0,4849.0,10,2,2015,4.132810888843061,1.0,18
226,2014-11-15,2031.0,4802.0,10,2,2015,4.229487713452728,1.0,19
227,2014-11-16,762.0,1918.0,4,2,2015,3.97288842544317,1.0,20
228,2014-11-17,1776.0,4320.0,9,2,2015,4.111111111111111,1.0,21
229,2014-11-18,838.0,1916.0,4,2,2015,4.373695198329854,1.0,22
230,2014-11-19,2171.0,5433.0,11,2,2015,3.9959506718203572,1.0,23
231,2014-11-20,394.0,957.0,2,2,2015,4.117032392894462,1.0,24
232,2014-11-21,2443.0,5770.0,12,2,2015,4.233968804159446,1.0,25
233,2014-11-22,1755.0,4329.0,9,2,2015,4.054054054054054,1.0,26
234,2014-11-23,939.0,2446.0,5,2,2015,3.83892068683565,1.0,27
235,2014-11-24,1387.0,3362.0,7,2,2015,4.125520523497918,1.0,28
236,2014-11-25,1014.0,2402.0,5,2,2015,4.221482098251458,1.0,29
237,2014-11-26,2642.0,6302.0,13,2,2015,4.1923198984449375,1.0,30
238,2014-11-28,2445.0,5759.0,12,2,2015,4.24552873762806,2.0,31
239,2014-11-29,1190.0,2886.0,6,2,2015,4.123354123354123,1.0,32
240,2014-11-30,1564.0,3888.0,8,2,2015,4.022633744855967,1.0,33
241,2014-12-01,837.0,1921.0,4,2,2015,4.357105674128058,1.0,34
242,2014-12-02,2147.0,4902.0,10,2,2015,4.37984496124031,1.0,35
243,2014-12-03,2018.0,4899.0,10,2,2015,4.119208001632987,1.0,36
244,2014-12-04,544.0,1442.0,3,2,2015,3.7725381414701804,1.0,37
245,2014-12-05,2431.0,5862.0,12,2,2015,4.14704878880928,1.0,38
246,2014-12-06,1263.0,2932.0,6,2,2015,4.307639836289223,1.0,39
247,2014-12-07,1374.0,3361.0,7,2,2015,4.088069027075275,1.0,40
248,2014-12-08,1504.0,3558.0,7,2,2015,4.227093872962338,1.0,41
249,2014-12-09,1610.0,3842.0,8,2,2015,4.190525767829255,1.0,42
250,2014-12-10,1898.0,4804.0,10,2,2015,3.9508742714404663,1.0,43
251,2014-12-11,419.0,1010.0,2,2,2015,4.148514851485149,1.0,44
252,2014-12-12,2424.0,5913.0,12,2,2015,4.099441907661086,1.0,45
253,2014-12-13,1622.0,3888.0,8,2,2015,4.171810699588478,1.0,46
254,2014-12-14,1361.0,3462.0,7,2,2015,3.931253610629694,1.0,47
255,2014-12-15,1531.0,3843.0,8,2,2015,3.9838667707520163,1.0,48
256,2014-12-16,1213.0,2878.0,6,2,2015,4.2147324530924255,1.0,49
257,2014-12-17,2114.0,4998.0,10,2,2015,4.2296918767507,1.0,50
258,2014-12-18,827.0,1921.0,4,2,2015,4.305049453409683,1.0,51
259,2014-12-19,2081.0,4954.0,10,2,2015,4.200645942672588,1.0,52
260,2014-12-20,1331.0,3361.0,7,2,2015,3.960130913418625,1.0,53
261,2014-12-21,1806.0,4318.0,9,2,2015,4.182491894395554,1.0,54
262,2014-12-22,1520.0,3365.0,7,2,2015,4.517087667161961,1.0,55
263,2014-12-23,2275.0,5338.0,11,2,2015,4.261895841139004,1.0,56
264,2014-12-25,997.0,2401.0,5,2,2015,4.152436484798001,2.0,57
265,2014-12-26,2239.0,5331.0,11,2,2015,4.199962483586569,1.0,58
266,2014-12-27,1998.0,4854.0,10,2,2015,4.11619283065513,1.0,59
267,2014-12-28,1239.0,2882.0,6,2,2015,4.299097848716169,1.0,60
268,2014-12-29,1194.0,2934.0,6,2,2015,4.069529652351738,1.0,61
269,2014-12-30,2001.0,4861.0,10,2,2015,4.11643694713022,1.0,62
270,2014-12-31,1388.0,3460.0,7,2,2015,4.011560693641618,1.0,63
271,2015-01-01,424.0,961.0,2,2,2015,4.41207075962539,1.0,64
272,2015-01-02,2208.0,5275.0,11,2,2015,4.185781990521327,1.0,65
273,2015-01-03,1617.0,3889.0,8,2,2015,4.157881203394189,1.0,66
274,2015-01-04,1166.0,2885.0,6,2,2015,4.04159445407279,1.0,67
275,2015-01-05,2176.0,5332.0,11,2,2015,4.081020255063765,1.0,68
276,2015-01-06,407.0,963.0,2,2,2015,4.226375908618899,1.0,69
277,2015-01-07,2501.0,6240.0,13,2,2015,4.00801282051282,1.0,70
278,2015-01-08,596.0,1443.0,3,2,2015,4.13028413028413,1.0,71
279,2015-01-09,2173.0,5332.0,11,2,2015,4.075393848462115,1.0,72
280,2015-01-10,1750.0,4322.0,9,2,2015,4.049051365108746,1.0,73
281,2015-01-11,1022.0,2505.0,5,2,2015,4.079840319361278,1.0,74
282,2015-01-12,880.0,1919.0,4,2,2015,4.5857217300677435,1.0,75
283,2015-01-13,1390.0,3418.0,7,2,2015,4.066705675833821,1.0,76
284,2015-01-14,2010.0,4804.0,10,2,2015,4.184013322231474,1.0,77
285,2015-01-15,598.0,1440.0,3,2,2015,4.152777777777778,1.0,78
286,2015-01-16,2623.0,6236.0,13,2,2015,4.206221937139191,1.0,79
287,2015-01-17,1622.0,3895.0,8,2,2015,4.164313222079589,1.0,80
288,2015-01-18,572.0,1445.0,3,2,2015,3.958477508650519,1.0,81
289,2015-01-19,2330.0,5766.0,12,2,2015,4.040929587235518,1.0,82
290,2015-01-20,388.0,961.0,2,2,2015,4.037460978147763,1.0,83
291,2015-01-21,2396.0,5813.0,12,2,2015,4.1217959745398245,1.0,84
292,2015-01-22,771.0,1919.0,4,2,2015,4.017717561229807,1.0,85
293,2015-01-23,2197.0,5292.0,11,2,2015,4.151549508692366,1.0,86
294,2015-01-24,898.0,2403.0,5,2,2015,3.7369954223886808,1.0,87
295,2015-01-25,2301.0,5331.0,11,2,2015,4.316263365222285,1.0,88
296,2015-01-26,935.0,2400.0,5,2,2015,3.8958333333333335,1.0,89
297,2015-01-27,1217.0,2926.0,6,2,2015,4.159261790840738,1.0,90
298,2015-01-28,2126.0,5278.0,11,2,2015,4.028040924592649,1.0,91
299,2015-01-29,807.0,2014.0,4,2,2015,4.00695134061569,1.0,92
300,2015-01-30,1799.0,4369.0,9,2,2015,4.11764705882353,1.0,93
301,2015-01-31,2132.0,5334.0,11,2,2015,3.997000374953131,1.0,94
302,2015-02-01,330.0,961.0,2,2,2015,3.433922996878252,1.0,95
303,2015-02-02,1533.0,3846.0,8,2,2015,3.985959438377535,1.0,96
304,2015-02-03,1029.0,2399.0,5,2,2015,4.28928720300125,1.0,97
305,2015-02-04,2280.0,5335.0,11,2,2015,4.273664479850047,1.0,98
306,2015-02-05,754.0,1918.0,4,2,2015,3.9311783107403544,1.0,99
307,2015-02-06,2453.0,5811.0,12,2,2015,4.221304422646704,1.0,100
308,2015-02-07,1331.0,3413.0,7,2,2015,3.8997949018458833,1.0,101
309,2015-02-08,1803.0,4322.0,9,2,2015,4.171679777880611,1.0,102
310,2015-02-09,1810.0,4321.0,9,2,2015,4.188845174728072,1.0,103
311,2015-02-10,1002.0,2401.0,5,2,2015,4.173261141191171,1.0,104
312,2015-02-11,2288.0,5763.0,12,2,2015,3.9701544334547982,1.0,105
313,2015-02-12,211.0,481.0,1,2,2015,4.386694386694386,1.0,106
314,2015-02-15,321.0,482.0,1,2,2015,6.659751037344398,3.0,107
315,2015-02-19,427.0,964.0,2,2,2015,4.429460580912862,4.0,108
316,2015-02-20,2577.0,6244.0,13,2,2015,4.127162075592569,1.0,109
317,2015-02-21,1027.0,2402.0,5,2,2015,4.275603663613656,1.0,110
318,2015-02-22,1770.0,4361.0,9,2,2015,4.058702132538408,1.0,111
319,2015-02-23,1560.0,3839.0,8,2,2015,4.063558218286012,1.0,112
320,2015-02-24,804.0,1918.0,4,2,2015,4.191866527632951,1.0,113
321,2015-02-25,2347.0,5811.0,12,2,2015,4.038891757012562,1.0,114
322,2015-02-26,439.0,1016.0,2,2,2015,4.320866141732283,1.0,115
323,2015-02-27,2751.0,6821.0,14,2,2015,4.033132971705029,1.0,116
324,2015-02-28,1307.0,3364.0,7,2,2015,3.8852556480380502,1.0,117
325,2015-03-01,1555.0,3892.0,8,2,2015,3.9953751284686536,1.0,118
326,2015-03-02,1056.0,2400.0,5,2,2015,4.4,1.0,119
327,2015-03-03,1371.0,3356.0,7,2,2015,4.085220500595947,1.0,120
328,2015-03-04,2577.0,6340.0,13,2,2015,4.064668769716088,1.0,121
329,2015-03-05,382.0,959.0,2,2,2015,3.9833159541188734,1.0,122
330,2015-03-06,2400.0,5805.0,12,2,2015,4.134366925064599,1.0,123
331,2015-03-07,1553.0,3891.0,8,2,2015,3.991261886404523,1.0,124
332,2015-03-08,1423.0,3364.0,7,2,2015,4.230083234244947,1.0,125
333,2015-03-09,1525.0,3847.0,8,2,2015,3.96412789186379,1.0,126
334,2015-03-10,1198.0,2884.0,6,2,2015,4.153952843273232,1.0,127
335,2015-03-11,2051.0,4859.0,10,2,2015,4.221033134389792,1.0,128
336,2015-03-12,1054.0,2502.0,5,2,2015,4.212629896083134,1.0,129
337,2015-03-13,1847.0,4319.0,9,2,2015,4.276452882611716,1.0,130
338,2015-03-14,1144.0,2880.0,6,2,2015,3.9722222222222223,1.0,131
339,2015-03-15,1665.0,3944.0,8,2,2015,4.221602434077079,1.0,132
340,2015-03-16,2033.0,4800.0,10,2,2015,4.235416666666667,1.0,133
341,2015-03-17,965.0,2447.0,5,2,2015,3.943604413567634,1.0,134
342,2015-03-18,2260.0,5278.0,11,2,2015,4.281924971580144,1.0,135
343,2015-03-19,712.0,1973.0,4,2,2015,3.6087176887987833,1.0,136
344,2015-03-20,2488.0,5915.0,12,2,2015,4.20625528317836,1.0,137
345,2015-03-21,1031.0,2405.0,5,2,2015,4.286902286902287,1.0,138
346,2015-03-22,2178.0,5329.0,11,2,2015,4.087070744980297,1.0,139
347,2015-03-23,1173.0,2933.0,6,2,2015,3.999318104330037,1.0,140
348,2015-03-24,1271.0,2881.0,6,2,2015,4.411662617146824,1.0,141
349,2015-03-25,2531.0,6290.0,13,2,2015,4.023847376788553,1.0,142
350,2015-03-26,218.0,480.0,1,2,2015,4.541666666666667,1.0,143
351,2015-03-27,2543.0,6339.0,13,2,2015,4.011673765578167,1.0,144
352,2015-03-28,1026.0,2402.0,5,2,2015,4.271440466278102,1.0,145
353,2015-03-29,1804.0,4327.0,9,2,2015,4.169170325860874,1.0,146
354,2015-03-30,1391.0,3414.0,7,2,2015,4.074399531341535,1.0,147
355,2015-03-31,809.0,1922.0,4,2,2015,4.209157127991675,1.0,148
356,2015-04-01,2483.0,5762.0,12,2,2015,4.309267615411315,1.0,149
357,2015-04-02,624.0,1440.0,3,2,2015,4.333333333333333,1.0,150
358,2015-04-03,1928.0,4805.0,10,2,2015,4.012486992715921,1.0,151
359,2015-04-04,1998.0,4854.0,10,2,2015,4.11619283065513,1.0,152
360,2015-04-05,1392.0,3363.0,7,2,2015,4.139161462979483,1.0,153
361,2015-04-06,202.0,481.0,1,2,2015,4.1995841995842,1.0,154
362,2015-04-07,1206.0,2883.0,6,2,2015,4.183142559833507,1.0,155
363,2015-04-08,2639.0,6235.0,13,2,2015,4.232558139534884,1.0,156
364,2015-04-09,388.0,961.0,2,2,2015,4.037460978147763,1.0,157
365,2015-04-10,2429.0,5853.0,12,2,2015,4.150008542627712,1.0,158
366,2015-04-11,1198.0,2881.0,6,2,2015,4.15827837556404,1.0,159
367,2015-04-12,1876.0,4324.0,9,2,2015,4.338575393154487,1.0,160
368,2015-04-13,2417.0,5762.0,12,2,2015,4.194724054147865,1.0,161
369,2015-04-14,595.0,1539.0,3,2,2015,3.866146848602989,1.0,162
370,2015-04-15,2916.0,6765.0,14,2,2015,4.310421286031042,1.0,163
371,2015-04-18,804.0,1972.0,4,3,2015,4.077079107505071,3.0,164
372,2015-04-19,789.0,1920.0,4,3,2015,4.109375,1.0,165
373,2015-04-20,357.0,960.0,2,3,2015,3.71875,1.0,166
374,2015-04-21,623.0,1443.0,3,3,2015,4.317394317394317,1.0,167
375,2015-04-22,584.0,1485.0,3,3,2015,3.9326599326599325,1.0,168
376,2015-04-23,659.0,1589.0,3,3,2015,4.147262429200755,1.0,169
377,2015-04-24,636.0,1439.0,3,3,2015,4.419735927727588,1.0,170
378,2015-04-25,787.0,1919.0,4,3,2015,4.101094319958311,1.0,171
379,2015-04-26,862.0,1923.0,4,3,2015,4.482579303172127,1.0,172
380,2015-04-27,608.0,1491.0,3,3,2015,4.077800134138163,1.0,173
381,2015-04-28,415.0,960.0,2,3,2015,4.322916666666667,1.0,174
382,2015-04-29,396.0,959.0,2,3,2015,4.129301355578727,1.0,175
383,2015-04-30,384.0,959.0,2,3,2015,4.004171011470281,1.0,176
384,2015-05-01,198.0,482.0,1,3,2015,4.1078838174273855,1.0,177
385,2015-05-02,220.0,479.0,1,3,2015,4.592901878914405,1.0,178
386,2015-05-03,389.0,962.0,2,3,2015,4.043659043659043,1.0,179
387,2015-05-04,409.0,958.0,2,3,2015,4.269311064718163,1.0,180
388,2015-05-05,383.0,959.0,2,3,2015,3.9937434827945775,1.0,181
389,2015-05-06,421.0,961.0,2,3,2015,4.380853277835588,1.0,182
390,2015-05-08,418.0,959.0,2,3,2015,4.358706986444212,2.0,183
391,2015-05-09,392.0,962.0,2,3,2015,4.074844074844075,1.0,184
392,2015-05-10,393.0,959.0,2,3,2015,4.098018769551616,1.0,185
393,2015-05-11,392.0,962.0,2,3,2015,4.074844074844075,1.0,186
394,2015-05-12,434.0,961.0,2,3,2015,4.516129032258065,1.0,187
395,2015-05-13,339.0,963.0,2,3,2015,3.520249221183801,1.0,188
396,2015-05-14,393.0,959.0,2,3,2015,4.098018769551616,1.0,189
397,2015-05-15,386.0,957.0,2,3,2015,4.033437826541275,1.0,190
398,2015-05-17,213.0,478.0,1,3,2015,4.456066945606695,2.0,191
399,2015-05-19,216.0,479.0,1,3,2015,4.509394572025053,2.0,192
400,2015-05-20,185.0,482.0,1,3,2015,3.838174273858921,1.0,193
401,2015-05-21,197.0,480.0,1,3,2015,4.104166666666667,1.0,194
402,2015-05-22,176.0,479.0,1,3,2015,3.674321503131524,1.0,195
403,2015-05-23,195.0,482.0,1,3,2015,4.045643153526971,1.0,196
404,2015-05-24,225.0,529.0,1,3,2015,4.253308128544424,1.0,197
405,2015-05-25,243.0,479.0,1,3,2015,5.073068893528184,1.0,198
406,2015-05-26,206.0,481.0,1,3,2015,4.282744282744282,1.0,199
407,2015-05-27,194.0,479.0,1,3,2015,4.050104384133612,1.0,200
408,2015-06-04,208.0,530.0,1,3,2015,3.9245283018867925,8.0,201
409,2015-06-07,188.0,527.0,1,3,2015,3.5673624288425048,3.0,202
410,2015-06-09,187.0,480.0,1,3,2015,3.8958333333333335,2.0,203
411,2015-06-11,185.0,478.0,1,3,2015,3.8702928870292888,2.0,204
412,2015-06-14,195.0,480.0,1,3,2015,4.0625,3.0,205
413,2015-06-16,202.0,478.0,1,3,2015,4.2259414225941425,2.0,206
414,2015-10-27,598.0,1440.0,3,2,2016,4.152777777777778,133.0,1
415,2015-10-28,2838.0,6716.0,14,2,2016,4.225729600952948,1.0,2
416,2015-10-29,620.0,1438.0,3,2,2016,4.3115438108484,1.0,3
417,2015-10-30,2471.0,5913.0,12,2,2016,4.178927786233722,1.0,4
418,2015-10-31,1260.0,2876.0,6,2,2016,4.381084840055633,1.0,5
419,2015-11-01,1344.0,3357.0,7,2,2016,4.003574620196604,1.0,6
420,2015-11-02,1392.0,3350.0,7,2,2016,4.155223880597015,1.0,7
421,2015-11-03,1412.0,3358.0,7,2,2016,4.204883859440143,1.0,8
422,2015-11-04,2016.0,4850.0,10,2,2016,4.156701030927835,1.0,9
423,2015-11-05,975.0,2403.0,5,2,2016,4.057428214731585,1.0,10
424,2015-11-06,2052.0,4810.0,10,2,2016,4.266112266112266,1.0,11
425,2015-11-07,1782.0,4368.0,9,2,2016,4.079670329670329,1.0,12
426,2015-11-08,1014.0,2397.0,5,2,2016,4.230287859824781,1.0,13
427,2015-11-09,1400.0,3357.0,7,2,2016,4.1703902293714625,1.0,14
428,2015-11-10,1473.0,3360.0,7,2,2016,4.383928571428571,1.0,15
429,2015-11-11,2233.0,5292.0,11,2,2016,4.219576719576719,1.0,16
430,2015-11-12,650.0,1438.0,3,2,2016,4.520166898470097,1.0,17
431,2015-11-13,2143.0,5285.0,11,2,2016,4.054872280037843,1.0,18
432,2015-11-14,1391.0,3508.0,7,2,2016,3.9652223489167615,1.0,19
433,2015-11-15,1370.0,3361.0,7,2,2016,4.076167807200238,1.0,20
434,2015-11-16,1205.0,2882.0,6,2,2016,4.181124219292158,1.0,21
435,2015-11-17,1410.0,3359.0,7,2,2016,4.197677880321525,1.0,22
436,2015-11-18,2050.0,4907.0,10,2,2016,4.177705318932138,1.0,23
437,2015-11-19,681.0,1440.0,3,2,2016,4.729166666666667,1.0,24
438,2015-11-20,2157.0,5283.0,11,2,2016,4.082907438955139,1.0,25
439,2015-11-21,1365.0,3361.0,7,2,2016,4.061291282356441,1.0,26
440,2015-11-22,1275.0,2880.0,6,2,2016,4.427083333333333,1.0,27
441,2015-11-23,1416.0,3409.0,7,2,2016,4.153710765620417,1.0,28
442,2015-11-24,1227.0,2884.0,6,2,2016,4.254507628294037,1.0,29
443,2015-11-25,2373.0,5763.0,12,2,2016,4.11764705882353,1.0,30
444,2015-11-27,2401.0,5766.0,12,2,2016,4.1640652098508495,2.0,31
445,2015-11-28,1326.0,3359.0,7,2,2016,3.9476034534087527,1.0,32
446,2015-11-29,1568.0,3888.0,8,2,2016,4.032921810699588,1.0,33
447,2015-11-30,1582.0,3847.0,8,2,2016,4.112295295035093,1.0,34
448,2015-12-01,1194.0,2936.0,6,2,2016,4.06675749318801,1.0,35
449,2015-12-02,1799.0,4366.0,9,2,2016,4.120476408612002,1.0,36
450,2015-12-03,1231.0,2881.0,6,2,2016,4.27282193682749,1.0,37
451,2015-12-04,1216.0,2933.0,6,2,2016,4.145925673371974,1.0,38
452,2015-12-05,2115.0,4852.0,10,2,2016,4.359027205276175,1.0,39
453,2015-12-06,1015.0,2399.0,5,2,2016,4.230929553980825,1.0,40
454,2015-12-07,1790.0,4328.0,9,2,2016,4.135859519408503,1.0,41
455,2015-12-08,1266.0,2878.0,6,2,2016,4.398888116747742,1.0,42
456,2015-12-09,2017.0,4854.0,10,2,2016,4.1553358055212195,1.0,43
457,2015-12-10,751.0,1921.0,4,2,2016,3.9094221759500263,1.0,44
458,2015-12-11,2219.0,5428.0,11,2,2016,4.088061901252764,1.0,45
459,2015-12-12,1856.0,4314.0,9,2,2016,4.30227167362077,1.0,46
460,2015-12-13,780.0,1972.0,4,2,2016,3.955375253549696,1.0,47
461,2015-12-14,2022.0,4844.0,10,2,2016,4.174236168455822,1.0,48
462,2015-12-15,790.0,1924.0,4,2,2016,4.106029106029106,1.0,49
463,2015-12-16,2488.0,5761.0,12,2,2016,4.318694671064051,1.0,50
464,2015-12-17,606.0,1487.0,3,2,2016,4.075319435104237,1.0,51
465,2015-12-18,2515.0,5958.0,12,2,2016,4.221215172876804,1.0,52
466,2015-12-19,988.0,2399.0,5,2,2016,4.1183826594414334,1.0,53
467,2015-12-20,1456.0,3366.0,7,2,2016,4.325609031491384,1.0,54
468,2015-12-21,1833.0,4325.0,9,2,2016,4.238150289017341,1.0,55
469,2015-12-22,799.0,1921.0,4,2,2016,4.15929203539823,1.0,56
470,2015-12-23,2621.0,6296.0,13,2,2016,4.162960609911054,1.0,57
471,2015-12-25,905.0,2451.0,5,2,2016,3.6923704610363117,2.0,58
472,2015-12-26,2647.0,6241.0,13,2,2016,4.241307482775196,1.0,59
473,2015-12-27,825.0,1920.0,4,2,2016,4.296875,1.0,60
474,2015-12-28,2196.0,5280.0,11,2,2016,4.159090909090909,1.0,61
475,2015-12-29,1063.0,2449.0,5,2,2016,4.340547162106982,1.0,62
476,2015-12-30,2033.0,4850.0,10,2,2016,4.191752577319588,1.0,63
477,2015-12-31,1270.0,2883.0,6,2,2016,4.405133541449878,1.0,64
478,2016-01-01,946.0,2400.0,5,2,2016,3.941666666666667,1.0,65
479,2016-01-02,2250.0,5377.0,11,2,2016,4.184489492281942,1.0,66
480,2016-01-03,1000.0,2402.0,5,2,2016,4.163197335553705,1.0,67
481,2016-01-04,2040.0,4860.0,10,2,2016,4.197530864197531,1.0,68
482,2016-01-05,861.0,2019.0,4,2,2016,4.264487369985141,1.0,69
483,2016-01-06,2153.0,5282.0,11,2,2016,4.076107535024612,1.0,70
484,2016-01-07,847.0,1918.0,4,2,2016,4.416058394160584,1.0,71
485,2016-01-08,1975.0,4800.0,10,2,2016,4.114583333333333,1.0,72
486,2016-01-09,1429.0,3361.0,7,2,2016,4.251710800357037,1.0,73
487,2016-01-10,1754.0,4424.0,9,2,2016,3.964737793851718,1.0,74
488,2016-01-11,613.0,1447.0,3,2,2016,4.236351071181756,1.0,75
489,2016-01-12,1660.0,3892.0,8,2,2016,4.265159301130525,1.0,76
490,2016-01-13,2023.0,4802.0,10,2,2016,4.2128279883381925,1.0,77
491,2016-01-14,1251.0,2982.0,6,2,2016,4.195171026156942,1.0,78
492,2016-01-15,1814.0,4374.0,9,2,2016,4.147233653406493,1.0,79
493,2016-01-16,1646.0,3846.0,8,2,2016,4.279771190847634,1.0,80
494,2016-01-17,1034.0,2400.0,5,2,2016,4.308333333333334,1.0,81
495,2016-01-18,2217.0,5105.0,10,2,2016,4.342801175318315,1.0,82
496,2016-01-19,788.0,1921.0,4,2,2016,4.102030192608017,1.0,83
497,2016-01-20,2265.0,5377.0,11,2,2016,4.212386088897154,1.0,84
498,2016-01-21,1019.0,2405.0,5,2,2016,4.237006237006237,1.0,85
499,2016-01-22,1877.0,4372.0,9,2,2016,4.293229643183897,1.0,86
500,2016-01-23,1609.0,3844.0,8,2,2016,4.185744016649324,1.0,87
501,2016-01-24,851.0,1920.0,4,2,2016,4.432291666666667,1.0,88
502,2016-01-25,1912.0,4462.0,9,2,2016,4.285073957866428,1.0,89
503,2016-01-26,1639.0,3892.0,8,2,2016,4.2112024665981505,1.0,90
504,2016-01-27,1684.0,3846.0,8,2,2016,4.37857514300572,1.0,91
505,2016-01-28,1239.0,2879.0,6,2,2016,4.303577631121918,1.0,92
506,2016-01-29,1808.0,4318.0,9,2,2016,4.1871236683649835,1.0,93
507,2016-01-30,1556.0,3411.0,7,2,2016,4.56171210788625,1.0,94
508,2016-01-31,1390.0,3358.0,7,2,2016,4.1393686718284695,1.0,95
509,2016-02-01,1868.0,4421.0,9,2,2016,4.2252883962904315,1.0,96
510,2016-02-02,1040.0,2396.0,5,2,2016,4.340567612687813,1.0,97
511,2016-02-03,2285.0,5282.0,11,2,2016,4.326012873911397,1.0,98
512,2016-02-04,840.0,1921.0,4,2,2016,4.372722540343571,1.0,99
513,2016-02-05,2017.0,4801.0,10,2,2016,4.201208081649656,1.0,100
514,2016-02-06,2047.0,4846.0,10,2,2016,4.224102352455633,1.0,101
515,2016-02-07,827.0,1922.0,4,2,2016,4.302809573361082,1.0,102
516,2016-02-08,2077.0,4950.0,10,2,2016,4.195959595959596,1.0,103
517,2016-02-09,1135.0,2450.0,5,2,2016,4.63265306122449,1.0,104
518,2016-02-10,2591.0,5817.0,12,2,2016,4.454186006532576,1.0,105
519,2016-02-11,407.0,961.0,2,2,2016,4.235171696149844,1.0,106
520,2016-02-14,369.0,480.0,1,2,2016,7.6875,3.0,107
521,2016-02-18,584.0,1443.0,3,2,2016,4.047124047124047,4.0,108
522,2016-02-19,3013.0,6766.0,14,2,2016,4.453148093408218,1.0,109
523,2016-02-20,859.0,2024.0,4,2,2016,4.2440711462450595,1.0,110
524,2016-02-21,2164.0,4803.0,10,2,2016,4.505517384967728,1.0,111
525,2016-02-22,1452.0,3411.0,7,2,2016,4.256816182937555,1.0,112
526,2016-02-23,1108.0,2455.0,5,2,2016,4.513238289205702,1.0,113
527,2016-02-24,2128.0,4804.0,10,2,2016,4.429641965029143,1.0,114
528,2016-02-25,1325.0,2889.0,6,2,2016,4.586362062997577,1.0,115
529,2016-02-26,1647.0,3890.0,8,2,2016,4.233933161953727,1.0,116
530,2016-02-27,1651.0,3891.0,8,2,2016,4.243125160627088,1.0,117
531,2016-02-28,1457.0,3360.0,7,2,2016,4.336309523809524,1.0,118
532,2016-02-29,1510.0,3360.0,7,2,2016,4.494047619047619,1.0,119
533,2016-03-01,1298.0,2927.0,6,2,2016,4.434574649812094,1.0,120
534,2016-03-02,2221.0,5291.0,11,2,2016,4.197694197694197,1.0,121
535,2016-03-03,812.0,1921.0,4,2,2016,4.2269651223321185,1.0,122
536,2016-03-04,2064.0,4854.0,10,2,2016,4.2521631644004945,1.0,123
537,2016-03-05,1673.0,3841.0,8,2,2016,4.355636552980994,1.0,124
538,2016-03-06,1493.0,3415.0,7,2,2016,4.3718887262079065,1.0,125
539,2016-03-07,1458.0,3370.0,7,2,2016,4.326409495548962,1.0,126
540,2016-03-08,1219.0,2930.0,6,2,2016,4.160409556313994,1.0,127
541,2016-03-09,1982.0,4324.0,9,2,2016,4.583718778908418,1.0,128
542,2016-03-10,852.0,1921.0,4,2,2016,4.435190005205622,1.0,129
543,2016-03-11,2098.0,4855.0,10,2,2016,4.321318228630278,1.0,130
544,2016-03-12,2114.0,4850.0,10,2,2016,4.358762886597938,1.0,131
545,2016-03-13,976.0,2404.0,5,2,2016,4.059900166389351,1.0,132
546,2016-03-14,1921.0,4328.0,9,2,2016,4.438539741219963,1.0,133
547,2016-03-15,1267.0,2883.0,6,2,2016,4.394727714186611,1.0,134
548,2016-03-16,1974.0,4326.0,9,2,2016,4.563106796116505,1.0,135
549,2016-03-17,1619.0,3888.0,8,2,2016,4.164094650205762,1.0,136
550,2016-03-18,1722.0,3843.0,8,2,2016,4.48087431693989,1.0,137
551,2016-03-19,1813.0,4321.0,9,2,2016,4.195788012034251,1.0,138
552,2016-03-20,1243.0,2930.0,6,2,2016,4.242320819112628,1.0,139
553,2016-03-21,1789.0,4321.0,9,2,2016,4.140245313584818,1.0,140
554,2016-03-22,842.0,1917.0,4,2,2016,4.39227960354721,1.0,141
555,2016-03-23,2502.0,5753.0,12,2,2016,4.349035285937772,1.0,142
556,2016-03-24,966.0,2398.0,5,2,2016,4.028356964136781,1.0,143
557,2016-03-25,1988.0,4422.0,9,2,2016,4.495703301673451,1.0,144
558,2016-03-26,2043.0,4801.0,10,2,2016,4.255363465944595,1.0,145
559,2016-03-27,1055.0,2399.0,5,2,2016,4.3976656940391825,1.0,146
560,2016-03-28,2030.0,4800.0,10,2,2016,4.229166666666667,1.0,147
561,2016-03-29,1195.0,2887.0,6,2,2016,4.139244890890198,1.0,148
562,2016-03-30,1797.0,4422.0,9,2,2016,4.063772048846676,1.0,149
563,2016-03-31,1262.0,2877.0,6,2,2016,4.386513729579423,1.0,150
564,2016-04-01,2030.0,4849.0,10,2,2016,4.186430191792122,1.0,151
565,2016-04-02,1022.0,2401.0,5,2,2016,4.256559766763848,1.0,152
566,2016-04-03,2271.0,5275.0,11,2,2016,4.30521327014218,1.0,153
567,2016-04-05,2211.0,5341.0,11,2,2016,4.139674218311177,2.0,154
568,2016-04-06,1658.0,3837.0,8,2,2016,4.3210841803492315,1.0,155
569,2016-04-07,1040.0,2400.0,5,2,2016,4.333333333333333,1.0,156
570,2016-04-08,2106.0,4851.0,10,2,2016,4.341372912801484,1.0,157
571,2016-04-09,1289.0,2882.0,6,2,2016,4.472588480222068,1.0,158
572,2016-04-10,1849.0,4373.0,9,2,2016,4.228218614223645,1.0,159
573,2016-04-11,1914.0,4318.0,9,2,2016,4.432607688744789,1.0,160
574,2016-04-12,998.0,2447.0,5,2,2016,4.078463424601553,1.0,161
575,2016-04-13,2931.0,6772.0,14,2,2016,4.328115770821028,1.0,162
576,2016-04-16,753.0,1922.0,4,3,2016,3.9177939646201874,3.0,163
577,2016-04-17,811.0,1922.0,4,3,2016,4.219562955254943,1.0,164
578,2016-04-18,575.0,1438.0,3,3,2016,3.998609179415855,1.0,165
579,2016-04-19,323.0,961.0,2,3,2016,3.36108220603538,1.0,166
580,2016-04-20,598.0,1439.0,3,3,2016,4.155663655316191,1.0,167
581,2016-04-21,612.0,1436.0,3,3,2016,4.261838440111421,1.0,168
582,2016-04-22,589.0,1440.0,3,3,2016,4.090277777777778,1.0,169
583,2016-04-23,770.0,1924.0,4,3,2016,4.002079002079002,1.0,170
584,2016-04-24,823.0,1972.0,4,3,2016,4.17342799188641,1.0,171
585,2016-04-25,578.0,1442.0,3,3,2016,4.008321775312067,1.0,172
586,2016-04-26,394.0,964.0,2,3,2016,4.087136929460581,1.0,173
587,2016-04-27,579.0,1442.0,3,3,2016,4.0152565880721225,1.0,174
588,2016-04-28,196.0,482.0,1,3,2016,4.066390041493776,1.0,175
589,2016-04-29,580.0,1442.0,3,3,2016,4.0221914008321775,1.0,176
590,2016-04-30,216.0,480.0,1,3,2016,4.5,1.0,177
591,2016-05-01,576.0,1438.0,3,3,2016,4.0055632823365785,1.0,178
592,2016-05-02,392.0,961.0,2,3,2016,4.079084287200833,1.0,179
593,2016-05-03,407.0,1009.0,2,3,2016,4.033696729435084,1.0,180
594,2016-05-04,221.0,480.0,1,3,2016,4.604166666666667,1.0,181
595,2016-05-05,188.0,531.0,1,3,2016,3.5404896421845575,1.0,182
596,2016-05-06,425.0,960.0,2,3,2016,4.427083333333333,1.0,183
597,2016-05-07,414.0,959.0,2,3,2016,4.316996871741397,1.0,184
598,2016-05-08,407.0,958.0,2,3,2016,4.248434237995824,1.0,185
599,2016-05-09,438.0,1062.0,2,3,2016,4.124293785310734,1.0,186
600,2016-05-10,186.0,479.0,1,3,2016,3.883089770354906,1.0,187
601,2016-05-11,436.0,960.0,2,3,2016,4.541666666666667,1.0,188
602,2016-05-12,212.0,479.0,1,3,2016,4.4258872651356995,1.0,189
603,2016-05-13,194.0,480.0,1,3,2016,4.041666666666667,1.0,190
604,2016-05-15,205.0,480.0,1,3,2016,4.270833333333333,2.0,191
605,2016-05-16,210.0,484.0,1,3,2016,4.338842975206612,1.0,192
606,2016-05-17,199.0,481.0,1,3,2016,4.137214137214137,1.0,193
607,2016-05-18,209.0,480.0,1,3,2016,4.354166666666667,1.0,194
608,2016-05-19,197.0,479.0,1,3,2016,4.112734864300626,1.0,195
609,2016-05-21,183.0,482.0,1,3,2016,3.796680497925311,2.0,196
610,2016-05-22,238.0,480.0,1,3,2016,4.958333333333333,1.0,197
611,2016-05-23,204.0,479.0,1,3,2016,4.258872651356993,1.0,198
612,2016-05-24,212.0,480.0,1,3,2016,4.416666666666667,1.0,199
613,2016-05-25,194.0,478.0,1,3,2016,4.058577405857741,1.0,200
614,2016-05-26,231.0,479.0,1,3,2016,4.822546972860126,1.0,201
615,2016-05-27,200.0,480.0,1,3,2016,4.166666666666667,1.0,202
616,2016-05-28,209.0,482.0,1,3,2016,4.33609958506224,1.0,203
617,2016-05-30,184.0,479.0,1,3,2016,3.8413361169102296,2.0,204
618,2016-06-02,193.0,477.0,1,3,2016,4.046121593291405,3.0,205
619,2016-06-05,187.0,482.0,1,3,2016,3.879668049792531,3.0,206
620,2016-06-08,210.0,483.0,1,3,2016,4.347826086956522,3.0,207
621,2016-06-10,205.0,480.0,1,3,2016,4.270833333333333,2.0,208
622,2016-06-13,209.0,483.0,1,3,2016,4.32712215320911,3.0,209
623,2016-06-16,216.0,478.0,1,3,2016,4.518828451882846,3.0,210
624,2016-06-19,182.0,480.0,1,3,2016,3.7916666666666665,3.0,211
625,2016-10-25,651.0,1442.0,3,2,2017,4.514563106796117,128.0,1
626,2016-10-26,2147.0,4851.0,10,2,2017,4.425891568748711,1.0,2
627,2016-10-27,833.0,1922.0,4,2,2017,4.334027055150885,1.0,3
628,2016-10-28,1608.0,3881.0,8,2,2017,4.143262045864468,1.0,4
629,2016-10-29,1848.0,4376.0,9,2,2017,4.223034734917733,1.0,5
630,2016-10-30,1364.0,3414.0,7,2,2017,3.995313415348565,1.0,6
631,2016-10-31,828.0,1924.0,4,2,2017,4.303534303534303,1.0,7
632,2016-11-01,1924.0,4382.0,9,2,2017,4.390689183021451,1.0,8
633,2016-11-02,2042.0,4911.0,10,2,2017,4.158012624720016,1.0,9
634,2016-11-03,1097.0,2403.0,5,2,2017,4.565126924677486,1.0,10
635,2016-11-04,1795.0,4371.0,9,2,2017,4.106611759322809,1.0,11
636,2016-11-05,1600.0,3849.0,8,2,2017,4.156923876331515,1.0,12
637,2016-11-06,1222.0,2928.0,6,2,2017,4.173497267759562,1.0,13
638,2016-11-07,1427.0,3360.0,7,2,2017,4.247023809523809,1.0,14
639,2016-11-08,1307.0,2881.0,6,2,2017,4.536619229434224,1.0,15
640,2016-11-09,2331.0,5327.0,11,2,2017,4.375821287779237,1.0,16
641,2016-11-10,829.0,1923.0,4,2,2017,4.310972438897555,1.0,17
642,2016-11-11,1642.0,3942.0,8,2,2017,4.165398274987316,1.0,18
643,2016-11-12,2320.0,5280.0,11,2,2017,4.393939393939394,1.0,19
644,2016-11-13,1123.0,2405.0,5,2,2017,4.669438669438669,1.0,20
645,2016-11-14,1537.0,3833.0,8,2,2017,4.0099139055570046,1.0,21
646,2016-11-15,1088.0,2400.0,5,2,2017,4.533333333333333,1.0,22
647,2016-11-16,2278.0,5281.0,11,2,2017,4.313576974057943,1.0,23
648,2016-11-17,993.0,2400.0,5,2,2017,4.1375,1.0,24
649,2016-11-18,2055.0,4846.0,10,2,2017,4.240610813041684,1.0,25
650,2016-11-19,1874.0,4379.0,9,2,2017,4.279515871203471,1.0,26
651,2016-11-20,1287.0,2928.0,6,2,2017,4.395491803278689,1.0,27
652,2016-11-21,1794.0,4320.0,9,2,2017,4.152777777777778,1.0,28
653,2016-11-22,853.0,1917.0,4,2,2017,4.449660928534168,1.0,29
654,2016-11-23,2773.0,6338.0,13,2,2017,4.37519722309877,1.0,30
655,2016-11-25,3073.0,7303.0,15,2,2017,4.207859783650555,2.0,31
656,2016-11-26,1049.0,2395.0,5,2,2017,4.379958246346555,1.0,32
657,2016-11-27,1661.0,3843.0,8,2,2017,4.322144158209732,1.0,33
658,2016-11-28,1453.0,3411.0,7,2,2017,4.2597478745236,1.0,34
659,2016-11-29,1261.0,2984.0,6,2,2017,4.225871313672923,1.0,35
660,2016-11-30,1938.0,4373.0,9,2,2017,4.431740224102446,1.0,36
661,2016-12-01,1264.0,2978.0,6,2,2017,4.244459368703828,1.0,37
662,2016-12-02,1889.0,4321.0,9,2,2017,4.371673223790789,1.0,38
663,2016-12-03,1918.0,4369.0,9,2,2017,4.390020599679561,1.0,39
664,2016-12-04,800.0,1924.0,4,2,2017,4.158004158004158,1.0,40
665,2016-12-05,2376.0,5382.0,11,2,2017,4.414715719063545,1.0,41
666,2016-12-06,1250.0,2881.0,6,2,2017,4.338771259979174,1.0,42
667,2016-12-07,2089.0,4799.0,10,2,2017,4.3529902062929775,1.0,43
668,2016-12-08,1163.0,2882.0,6,2,2017,4.035392088827203,1.0,44
669,2016-12-09,1873.0,4319.0,9,2,2017,4.336652002778421,1.0,45
670,2016-12-10,2156.0,4804.0,10,2,2017,4.487926727726895,1.0,46
671,2016-12-11,1064.0,2452.0,5,2,2017,4.33931484502447,1.0,47
672,2016-12-12,1532.0,3360.0,7,2,2017,4.559523809523809,1.0,48
673,2016-12-13,1288.0,2928.0,6,2,2017,4.398907103825136,1.0,49
674,2016-12-14,2056.0,4806.0,10,2,2017,4.277985851019559,1.0,50
675,2016-12-15,1046.0,2402.0,5,2,2017,4.354704412989176,1.0,51
676,2016-12-16,2055.0,4809.0,10,2,2017,4.273237679351217,1.0,52
677,2016-12-17,1529.0,3411.0,7,2,2017,4.482556435063031,1.0,53
678,2016-12-18,1376.0,3363.0,7,2,2017,4.091584894439489,1.0,54
679,2016-12-19,1072.0,2402.0,5,2,2017,4.462947543713573,1.0,55
680,2016-12-20,2437.0,5486.0,11,2,2017,4.44221655122129,1.0,56
681,2016-12-21,1624.0,3842.0,8,2,2017,4.2269651223321185,1.0,57
682,2016-12-22,1059.0,2400.0,5,2,2017,4.4125,1.0,58
683,2016-12-23,2943.0,6728.0,14,2,2017,4.3742568370986925,1.0,59
684,2016-12-25,1094.0,2399.0,5,2,2017,4.560233430596082,2.0,60
685,2016-12-26,2283.0,5276.0,11,2,2017,4.327141774071266,1.0,61
686,2016-12-27,848.0,1919.0,4,2,2017,4.418968212610735,1.0,62
687,2016-12-28,2098.0,4855.0,10,2,2017,4.321318228630278,1.0,63
688,2016-12-29,1172.0,2882.0,6,2,2017,4.066620402498265,1.0,64
689,2016-12-30,2183.0,4801.0,10,2,2017,4.546969381378879,1.0,65
690,2016-12-31,1282.0,2884.0,6,2,2017,4.445214979195562,1.0,66
691,2017-01-01,1073.0,2453.0,5,2,2017,4.374235629841011,1.0,67
692,2017-01-02,1646.0,3843.0,8,2,2017,4.283112151964611,1.0,68
693,2017-01-03,1690.0,3836.0,8,2,2017,4.40563086548488,1.0,69
694,2017-01-04,1519.0,3360.0,7,2,2017,4.520833333333333,1.0,70
695,2017-01-05,1730.0,3841.0,8,2,2017,4.504035407445977,1.0,71
696,2017-01-06,1755.0,3890.0,8,2,2017,4.5115681233933165,1.0,72
697,2017-01-07,1477.0,3411.0,7,2,2017,4.330108472588684,1.0,73
698,2017-01-08,1924.0,4422.0,9,2,2017,4.350972410673903,1.0,74
699,2017-01-09,602.0,1438.0,3,2,2017,4.186369958275382,1.0,75
700,2017-01-10,1868.0,4324.0,9,2,2017,4.320074005550416,1.0,76
701,2017-01-11,1231.0,2880.0,6,2,2017,4.274305555555555,1.0,77
702,2017-01-12,1327.0,2879.0,6,2,2017,4.609239319208059,1.0,78
703,2017-01-13,1904.0,4324.0,9,2,2017,4.403330249768733,1.0,79
704,2017-01-14,1051.0,2399.0,5,2,2017,4.380992080033347,1.0,80
705,2017-01-15,1511.0,3365.0,7,2,2017,4.490341753343239,1.0,81
706,2017-01-16,1931.0,4324.0,9,2,2017,4.46577243293247,1.0,82
707,2017-01-17,1121.0,2401.0,5,2,2017,4.668887963348605,1.0,83
708,2017-01-18,1862.0,4321.0,9,2,2017,4.309187688035177,1.0,84
709,2017-01-19,1065.0,2404.0,5,2,2017,4.430116472545757,1.0,85
710,2017-01-20,1889.0,4366.0,9,2,2017,4.3266147503435635,1.0,86
711,2017-01-21,2391.0,5383.0,11,2,2017,4.4417610997585,1.0,87
712,2017-01-22,848.0,1918.0,4,2,2017,4.421272158498436,1.0,88
713,2017-01-23,1937.0,4329.0,9,2,2017,4.474474474474475,1.0,89
714,2017-01-24,1287.0,2886.0,6,2,2017,4.459459459459459,1.0,90
715,2017-01-25,2164.0,4847.0,10,2,2017,4.46461728904477,1.0,91
716,2017-01-26,850.0,1923.0,4,2,2017,4.420176807072282,1.0,92
717,2017-01-27,2167.0,4848.0,10,2,2017,4.4698844884488445,1.0,93
718,2017-01-28,1566.0,3409.0,7,2,2017,4.593722499266647,1.0,94
719,2017-01-29,1506.0,3362.0,7,2,2017,4.479476502082094,1.0,95
720,2017-01-30,1291.0,2930.0,6,2,2017,4.406143344709897,1.0,96
721,2017-01-31,1271.0,2927.0,6,2,2017,4.342330030748206,1.0,97
722,2017-02-01,2552.0,5761.0,12,2,2017,4.429786495400104,1.0,98
723,2017-02-02,886.0,1921.0,4,2,2017,4.6121811556481,1.0,99
724,2017-02-03,1955.0,4370.0,9,2,2017,4.473684210526316,1.0,100
725,2017-02-04,2117.0,4857.0,10,2,2017,4.358657607576694,1.0,101
726,2017-02-05,611.0,1441.0,3,2,2017,4.240111034004164,1.0,102
727,2017-02-06,2361.0,5332.0,11,2,2017,4.427981995498874,1.0,103
728,2017-02-07,677.0,1444.0,3,2,2017,4.688365650969529,1.0,104
729,2017-02-08,2619.0,5815.0,12,2,2017,4.503869303525366,1.0,105
730,2017-02-09,1100.0,2455.0,5,2,2017,4.480651731160896,1.0,106
731,2017-02-10,1995.0,4328.0,9,2,2017,4.609519408502773,1.0,107
732,2017-02-11,1772.0,3847.0,8,2,2017,4.606186638939433,1.0,108
733,2017-02-12,797.0,1924.0,4,2,2017,4.142411642411642,1.0,109
734,2017-02-13,2309.0,5323.0,11,2,2017,4.33777944767988,1.0,110
735,2017-02-14,616.0,1443.0,3,2,2017,4.2688842688842685,1.0,111
736,2017-02-15,2904.0,6731.0,14,2,2017,4.314366364581786,1.0,112
737,2017-02-16,416.0,961.0,2,2,2017,4.328824141519251,1.0,113
738,2017-02-19,374.0,479.0,1,2,2017,7.807933194154489,3.0,114
739,2017-02-23,1340.0,2930.0,6,2,2017,4.573378839590443,4.0,115
740,2017-02-24,2105.0,4851.0,10,2,2017,4.3393114821686245,1.0,116
741,2017-02-25,1676.0,3842.0,8,2,2017,4.362311296199896,1.0,117
742,2017-02-26,1703.0,3889.0,8,2,2017,4.379017742350219,1.0,118
743,2017-02-27,1419.0,3356.0,7,2,2017,4.228247914183552,1.0,119
744,2017-02-28,1355.0,2930.0,6,2,2017,4.624573378839591,1.0,120
745,2017-03-01,2235.0,5286.0,11,2,2017,4.228149829738933,1.0,121
746,2017-03-02,627.0,1443.0,3,2,2017,4.345114345114345,1.0,122
747,2017-03-03,2165.0,4845.0,10,2,2017,4.468524251805985,1.0,123
748,2017-03-04,1719.0,3896.0,8,2,2017,4.412217659137577,1.0,124
749,2017-03-05,1468.0,3413.0,7,2,2017,4.3012012891883975,1.0,125
750,2017-03-06,2300.0,5279.0,11,2,2017,4.3568857738208,1.0,126
751,2017-03-07,738.0,1440.0,3,2,2017,5.125,1.0,127
752,2017-03-08,2264.0,5288.0,11,2,2017,4.281391830559758,1.0,128
753,2017-03-09,1067.0,2447.0,5,2,2017,4.360441356763384,1.0,129
754,2017-03-10,1675.0,3892.0,8,2,2017,4.303699897225077,1.0,130
755,2017-03-11,2522.0,5866.0,12,2,2017,4.299352199113535,1.0,131
756,2017-03-12,1286.0,2885.0,6,2,2017,4.457538994800693,1.0,132
757,2017-03-13,1724.0,3843.0,8,2,2017,4.48607858443924,1.0,133
758,2017-03-14,1005.0,2400.0,5,2,2017,4.1875,1.0,134
759,2017-03-15,2072.0,4803.0,10,2,2017,4.313970435144701,1.0,135
760,2017-03-16,1281.0,2876.0,6,2,2017,4.454102920723226,1.0,136
761,2017-03-17,1654.0,3840.0,8,2,2017,4.307291666666667,1.0,137
762,2017-03-18,1595.0,3837.0,8,2,2017,4.15689340630701,1.0,138
763,2017-03-19,1749.0,3832.0,8,2,2017,4.56419624217119,1.0,139
764,2017-03-20,1509.0,3412.0,7,2,2017,4.422626025791325,1.0,140
765,2017-03-21,1639.0,3888.0,8,2,2017,4.215534979423868,1.0,141
766,2017-03-22,1717.0,3839.0,8,2,2017,4.472518885126335,1.0,142
767,2017-03-23,993.0,2401.0,5,2,2017,4.135776759683465,1.0,143
768,2017-03-24,2256.0,4854.0,10,2,2017,4.647713226205192,1.0,144
769,2017-03-25,1041.0,2406.0,5,2,2017,4.326683291770574,1.0,145
770,2017-03-26,2089.0,4798.0,10,2,2017,4.353897457273864,1.0,146
771,2017-03-27,1196.0,2881.0,6,2,2017,4.151336341548073,1.0,147
772,2017-03-28,1722.0,3841.0,8,2,2017,4.483207498047383,1.0,148
773,2017-03-29,2128.0,4856.0,10,2,2017,4.382207578253706,1.0,149
774,2017-03-30,1057.0,2402.0,5,2,2017,4.400499583680267,1.0,150
775,2017-03-31,2290.0,5335.0,11,2,2017,4.29240862230553,1.0,151
776,2017-04-01,1148.0,2400.0,5,2,2017,4.783333333333333,1.0,152
777,2017-04-02,2660.0,5864.0,12,2,2017,4.536152796725784,1.0,153
778,2017-04-03,219.0,478.0,1,2,2017,4.581589958158996,1.0,154
779,2017-04-04,2345.0,5329.0,11,2,2017,4.400450365922312,1.0,155
780,2017-04-05,1681.0,3845.0,8,2,2017,4.371911573472041,1.0,156
781,2017-04-06,1258.0,2881.0,6,2,2017,4.3665393960430405,1.0,157
782,2017-04-07,1879.0,4322.0,9,2,2017,4.347524294308191,1.0,158
783,2017-04-08,1664.0,3838.0,8,2,2017,4.33559145388223,1.0,159
784,2017-04-09,1579.0,3407.0,7,2,2017,4.634575873202231,1.0,160
785,2017-04-10,1887.0,4366.0,9,2,2017,4.322033898305085,1.0,161
786,2017-04-11,1014.0,2406.0,5,2,2017,4.214463840399002,1.0,162
787,2017-04-12,2887.0,6724.0,14,2,2017,4.293575252825699,1.0,163
788,2017-04-15,782.0,1921.0,4,3,2017,4.070796460176991,3.0,164
789,2017-04-16,864.0,1921.0,4,3,2017,4.497657470067673,1.0,165
790,2017-04-17,406.0,958.0,2,3,2017,4.237995824634655,1.0,166
791,2017-04-18,604.0,1444.0,3,3,2017,4.1828254847645425,1.0,167
792,2017-04-19,627.0,1436.0,3,3,2017,4.366295264623956,1.0,168
793,2017-04-20,613.0,1438.0,3,3,2017,4.262865090403338,1.0,169
794,2017-04-21,636.0,1435.0,3,3,2017,4.43205574912892,1.0,170
795,2017-04-22,827.0,1972.0,4,3,2017,4.19371196754564,1.0,171
796,2017-04-23,832.0,1923.0,4,3,2017,4.326573062922517,1.0,172
797,2017-04-24,654.0,1438.0,3,3,2017,4.54798331015299,1.0,173
798,2017-04-25,611.0,1440.0,3,3,2017,4.243055555555555,1.0,174
799,2017-04-26,407.0,961.0,2,3,2017,4.235171696149844,1.0,175
800,2017-04-27,380.0,962.0,2,3,2017,3.95010395010395,1.0,176
801,2017-04-28,593.0,1443.0,3,3,2017,4.1094941094941095,1.0,177
802,2017-04-30,429.0,961.0,2,3,2017,4.464099895941728,2.0,178
803,2017-05-01,446.0,957.0,2,3,2017,4.660397074190177,1.0,179
804,2017-05-02,448.0,1012.0,2,3,2017,4.426877470355731,1.0,180
805,2017-05-03,445.0,965.0,2,3,2017,4.61139896373057,1.0,181
806,2017-05-04,424.0,963.0,2,3,2017,4.402907580477674,1.0,182
807,2017-05-05,404.0,956.0,2,3,2017,4.2259414225941425,1.0,183
808,2017-05-06,193.0,480.0,1,3,2017,4.020833333333333,1.0,184
809,2017-05-07,663.0,1441.0,3,3,2017,4.6009715475364334,1.0,185
810,2017-05-08,216.0,481.0,1,3,2017,4.490644490644491,1.0,186
811,2017-05-09,217.0,530.0,1,3,2017,4.09433962264151,1.0,187
812,2017-05-10,224.0,479.0,1,3,2017,4.676409185803758,1.0,188
813,2017-05-11,189.0,478.0,1,3,2017,3.9539748953974896,1.0,189
814,2017-05-12,183.0,479.0,1,3,2017,3.8204592901878915,1.0,190
815,2017-05-14,224.0,481.0,1,3,2017,4.656964656964657,2.0,191
816,2017-05-15,220.0,481.0,1,3,2017,4.573804573804574,1.0,192
817,2017-05-16,236.0,484.0,1,3,2017,4.87603305785124,1.0,193
818,2017-05-17,221.0,480.0,1,3,2017,4.604166666666667,1.0,194
819,2017-05-19,216.0,482.0,1,3,2017,4.481327800829876,2.0,195
820,2017-05-20,228.0,481.0,1,3,2017,4.74012474012474,1.0,196
821,2017-05-21,219.0,479.0,1,3,2017,4.572025052192067,1.0,197
822,2017-05-22,244.0,480.0,1,3,2017,5.083333333333333,1.0,198
823,2017-05-23,211.0,478.0,1,3,2017,4.414225941422594,1.0,199
824,2017-05-25,237.0,480.0,1,3,2017,4.9375,2.0,200
825,2017-06-01,204.0,478.0,1,3,2017,4.2677824267782425,7.0,201
826,2017-06-04,245.0,479.0,1,3,2017,5.11482254697286,3.0,202
827,2017-06-07,231.0,481.0,1,3,2017,4.802494802494802,3.0,203
828,2017-06-09,253.0,481.0,1,3,2017,5.25987525987526,2.0,204
829,2017-06-12,249.0,481.0,1,3,2017,5.1767151767151764,3.0,205
830,2017-10-17,444.0,961.0,2,2,2018,4.620187304890739,127.0,1
831,2017-10-18,2366.0,5285.0,11,2,2018,4.47682119205298,1.0,2
832,2017-10-19,606.0,1444.0,3,2,2018,4.196675900277008,1.0,3
833,2017-10-20,2178.0,4802.0,10,2,2018,4.53561016243232,1.0,4
834,2017-10-21,2240.0,5281.0,11,2,2018,4.241620905131604,1.0,5
835,2017-10-22,679.0,1438.0,3,2,2018,4.721835883171071,1.0,6
836,2017-10-23,1644.0,3841.0,8,2,2018,4.280135381411091,1.0,7
837,2017-10-24,1295.0,2888.0,6,2,2018,4.484072022160665,1.0,8
838,2017-10-25,2093.0,4852.0,10,2,2018,4.313685078318219,1.0,9
839,2017-10-26,976.0,2402.0,5,2,2018,4.063280599500416,1.0,10
840,2017-10-27,1466.0,3367.0,7,2,2018,4.354024354024355,1.0,11
841,2017-10-28,1574.0,3844.0,8,2,2018,4.094693028095734,1.0,12
842,2017-10-29,1506.0,3363.0,7,2,2018,4.4781445138269405,1.0,13
843,2017-10-30,1945.0,4373.0,9,2,2018,4.447747541733364,1.0,14
844,2017-10-31,827.0,1920.0,4,2,2018,4.307291666666667,1.0,15
845,2017-11-01,2621.0,5809.0,12,2,2018,4.511964193492856,1.0,16
846,2017-11-02,427.0,960.0,2,2,2018,4.447916666666667,1.0,17
847,2017-11-03,2553.0,5760.0,12,2,2018,4.432291666666667,1.0,18
848,2017-11-04,1056.0,2451.0,5,2,2018,4.308445532435741,1.0,19
849,2017-11-05,2112.0,4806.0,10,2,2018,4.394506866416979,1.0,20
850,2017-11-06,584.0,1440.0,3,2,2018,4.055555555555555,1.0,21
851,2017-11-07,2167.0,4800.0,10,2,2018,4.514583333333333,1.0,22
852,2017-11-08,1092.0,2403.0,5,2,2018,4.544319600499375,1.0,23
853,2017-11-09,1089.0,2401.0,5,2,2018,4.53561016243232,1.0,24
854,2017-11-10,1592.0,3842.0,8,2,2018,4.143675169182718,1.0,25
855,2017-11-11,2396.0,5286.0,11,2,2018,4.532727960650775,1.0,26
856,2017-11-12,828.0,1923.0,4,2,2018,4.305772230889235,1.0,27
857,2017-11-13,1836.0,4314.0,9,2,2018,4.255910987482615,1.0,28
858,2017-11-14,641.0,1443.0,3,2,2018,4.442134442134442,1.0,29
859,2017-11-15,2266.0,5281.0,11,2,2018,4.29085400492331,1.0,30
860,2017-11-16,438.0,962.0,2,2,2018,4.5530145530145525,1.0,31
861,2017-11-17,2342.0,5332.0,11,2,2018,4.392348087021755,1.0,32
862,2017-11-18,1418.0,3364.0,7,2,2018,4.215219976218788,1.0,33
863,2017-11-19,1286.0,2883.0,6,2,2018,4.460631286853971,1.0,34
864,2017-11-20,2216.0,5330.0,11,2,2018,4.157598499061914,1.0,35
865,2017-11-21,197.0,482.0,1,2,2018,4.087136929460581,1.0,36
866,2017-11-22,2964.0,6811.0,14,2,2018,4.351783879019234,1.0,37
867,2017-11-24,2145.0,4804.0,10,2,2018,4.465029142381349,2.0,38
868,2017-11-25,2065.0,4801.0,10,2,2018,4.301187252655697,1.0,39
869,2017-11-26,606.0,1441.0,3,2,2018,4.205412907702984,1.0,40
870,2017-11-27,1748.0,3844.0,8,2,2018,4.5473465140478675,1.0,41
871,2017-11-28,971.0,2400.0,5,2,2018,4.045833333333333,1.0,42
872,2017-11-29,2237.0,4849.0,10,2,2018,4.61332233450196,1.0,43
873,2017-11-30,1088.0,2401.0,5,2,2018,4.531445231153686,1.0,44
874,2017-12-01,1712.0,3841.0,8,2,2018,4.457172611299141,1.0,45
875,2017-12-02,1738.0,3842.0,8,2,2018,4.523685580426861,1.0,46
876,2017-12-03,1031.0,2401.0,5,2,2018,4.294044148271554,1.0,47
877,2017-12-04,2269.0,5277.0,11,2,2018,4.29979154822816,1.0,48
878,2017-12-05,631.0,1436.0,3,2,2018,4.394150417827298,1.0,49
879,2017-12-06,2051.0,4857.0,10,2,2018,4.2227712579781755,1.0,50
880,2017-12-07,827.0,1919.0,4,2,2018,4.3095362167795725,1.0,51
881,2017-12-08,1696.0,3940.0,8,2,2018,4.304568527918781,1.0,52
882,2017-12-09,2126.0,4852.0,10,2,2018,4.3816982687551524,1.0,53
883,2017-12-10,1265.0,2927.0,6,2,2018,4.321831226511787,1.0,54
884,2017-12-11,1256.0,2882.0,6,2,2018,4.358084663428175,1.0,55
885,2017-12-12,1452.0,3463.0,7,2,2018,4.192896332659544,1.0,56
886,2017-12-13,1869.0,4313.0,9,2,2018,4.33341061905866,1.0,57
887,2017-12-14,1068.0,2403.0,5,2,2018,4.444444444444445,1.0,58
888,2017-12-15,2298.0,5489.0,11,2,2018,4.186554928037894,1.0,59
889,2017-12-16,1604.0,3845.0,8,2,2018,4.171651495448635,1.0,60
890,2017-12-17,836.0,1919.0,4,2,2018,4.356435643564356,1.0,61
891,2017-12-18,2110.0,4858.0,10,2,2018,4.343351173322355,1.0,62
892,2017-12-19,653.0,1438.0,3,2,2018,4.541029207232267,1.0,63
893,2017-12-20,2439.0,5747.0,12,2,2018,4.243953366974073,1.0,64
894,2017-12-21,1026.0,2398.0,5,2,2018,4.278565471226021,1.0,65
895,2017-12-22,1932.0,4327.0,9,2,2018,4.46498728911486,1.0,66
896,2017-12-23,2722.0,6301.0,13,2,2018,4.319949214410411,1.0,67
897,2017-12-25,1052.0,2401.0,5,2,2018,4.381507705122866,2.0,68
898,2017-12-26,1607.0,3851.0,8,2,2018,4.172942092962867,1.0,69
899,2017-12-27,2140.0,4851.0,10,2,2018,4.411461554318697,1.0,70
900,2017-12-28,1036.0,2401.0,5,2,2018,4.314868804664723,1.0,71
901,2017-12-29,1947.0,4323.0,9,2,2018,4.5038167938931295,1.0,72
902,2017-12-30,1484.0,3366.0,7,2,2018,4.408793820558526,1.0,73
903,2017-12-31,1587.0,3465.0,7,2,2018,4.58008658008658,1.0,74
904,2018-01-01,905.0,2020.0,4,2,2018,4.48019801980198,1.0,75
905,2018-01-02,1095.0,2404.0,5,2,2018,4.554908485856905,1.0,76
906,2018-01-03,2645.0,5772.0,12,2,2018,4.582467082467082,1.0,77
907,2018-01-04,482.0,961.0,2,2,2018,5.015608740894901,1.0,78
908,2018-01-05,2052.0,4851.0,10,2,2018,4.230055658627087,1.0,79
909,2018-01-06,1707.0,3842.0,8,2,2018,4.442998438313379,1.0,80
910,2018-01-07,1081.0,2402.0,5,2,2018,4.500416319733556,1.0,81
911,2018-01-08,1762.0,3888.0,8,2,2018,4.5318930041152266,1.0,82
912,2018-01-09,800.0,1917.0,4,2,2018,4.173187271778821,1.0,83
913,2018-01-10,2375.0,5382.0,11,2,2018,4.412857673727238,1.0,84
914,2018-01-11,859.0,1926.0,4,2,2018,4.460020768431984,1.0,85
915,2018-01-12,1870.0,4328.0,9,2,2018,4.320702402957486,1.0,86
916,2018-01-13,1519.0,3453.0,7,2,2018,4.39907326962062,1.0,87
917,2018-01-14,857.0,1970.0,4,2,2018,4.350253807106599,1.0,88
918,2018-01-15,2370.0,5277.0,11,2,2018,4.491188175099488,1.0,89
919,2018-01-16,875.0,1968.0,4,2,2018,4.446138211382114,1.0,90
920,2018-01-17,2095.0,4803.0,10,2,2018,4.361857172600458,1.0,91
921,2018-01-18,776.0,1923.0,4,2,2018,4.035361414456578,1.0,92
922,2018-01-19,1418.0,3363.0,7,2,2018,4.216473386856973,1.0,93
923,2018-01-20,2029.0,4319.0,9,2,2018,4.697846723778652,1.0,94
924,2018-01-21,813.0,1924.0,4,2,2018,4.225571725571726,1.0,95
925,2018-01-22,1904.0,4430.0,9,2,2018,4.297968397291196,1.0,96
926,2018-01-23,1087.0,2403.0,5,2,2018,4.523512276321265,1.0,97
927,2018-01-24,1870.0,4375.0,9,2,2018,4.274285714285714,1.0,98
928,2018-01-25,897.0,1921.0,4,2,2018,4.6694429984383135,1.0,99
929,2018-01-26,2066.0,4799.0,10,2,2018,4.305063554907273,1.0,100
930,2018-01-27,1476.0,3359.0,7,2,2018,4.394164930038702,1.0,101
931,2018-01-28,1540.0,3367.0,7,2,2018,4.573804573804574,1.0,102
932,2018-01-29,1241.0,2879.0,6,2,2018,4.31052448766933,1.0,103
933,2018-01-30,1932.0,4326.0,9,2,2018,4.466019417475728,1.0,104
934,2018-01-31,1673.0,3843.0,8,2,2018,4.353369763205829,1.0,105
935,2018-02-01,1088.0,2402.0,5,2,2018,4.529558701082432,1.0,106
936,2018-02-02,1969.0,4324.0,9,2,2018,4.553654024051804,1.0,107
937,2018-02-03,1931.0,4324.0,9,2,2018,4.46577243293247,1.0,108
938,2018-02-04,1215.0,2879.0,6,2,2018,4.22021535255297,1.0,109
939,2018-02-05,1509.0,3364.0,7,2,2018,4.485731272294887,1.0,110
940,2018-02-06,1686.0,3840.0,8,2,2018,4.390625,1.0,111
941,2018-02-07,1099.0,2449.0,5,2,2018,4.487545937117191,1.0,112
942,2018-02-08,1236.0,2979.0,6,2,2018,4.149043303121854,1.0,113
943,2018-02-09,1858.0,4318.0,9,2,2018,4.302918017600741,1.0,114
944,2018-02-10,1598.0,3462.0,7,2,2018,4.615829000577701,1.0,115
945,2018-02-11,1744.0,3846.0,8,2,2018,4.53458138325533,1.0,116
946,2018-02-12,1254.0,2885.0,6,2,2018,4.3466204506065855,1.0,117
947,2018-02-13,1331.0,2882.0,6,2,2018,4.618320610687023,1.0,118
948,2018-02-14,2650.0,5762.0,12,2,2018,4.599097535577924,1.0,119
949,2018-02-15,487.0,962.0,2,2,2018,5.0623700623700625,1.0,120
950,2018-02-16,279.0,402.0,1,2,2018,6.940298507462686,1.0,121
951,2018-02-18,293.0,480.0,1,2,2018,6.104166666666667,2.0,122
952,2018-02-22,1362.0,2880.0,6,2,2018,4.729166666666667,4.0,123
953,2018-02-23,2448.0,5375.0,11,2,2018,4.554418604651163,1.0,124
954,2018-02-24,1694.0,3840.0,8,2,2018,4.411458333333333,1.0,125
955,2018-02-25,1096.0,2451.0,5,2,2018,4.471644226846185,1.0,126
956,2018-02-26,2147.0,4808.0,10,2,2018,4.465474209650583,1.0,127
957,2018-02-27,1344.0,2877.0,6,2,2018,4.671532846715329,1.0,128
958,2018-02-28,1944.0,4374.0,9,2,2018,4.444444444444445,1.0,129
959,2018-03-01,883.0,1971.0,4,2,2018,4.479959411466261,1.0,130
960,2018-03-02,2164.0,4854.0,10,2,2018,4.458178821590441,1.0,131
961,2018-03-03,1519.0,3361.0,7,2,2018,4.5194882475453735,1.0,132
962,2018-03-04,1526.0,3361.0,7,2,2018,4.540315382326688,1.0,133
963,2018-03-05,1388.0,3361.0,7,2,2018,4.129723296637905,1.0,134
964,2018-03-06,1777.0,3887.0,8,2,2018,4.571649086699254,1.0,135
965,2018-03-07,1517.0,3413.0,7,2,2018,4.4447699970700265,1.0,136
966,2018-03-08,1088.0,2401.0,5,2,2018,4.531445231153686,1.0,137
967,2018-03-09,2086.0,4796.0,10,2,2018,4.349457881567973,1.0,138
968,2018-03-10,1078.0,2402.0,5,2,2018,4.487926727726895,1.0,139
969,2018-03-11,1990.0,4328.0,9,2,2018,4.597966728280961,1.0,140
970,2018-03-12,847.0,1923.0,4,2,2018,4.404576183047322,1.0,141
971,2018-03-13,2349.0,5285.0,11,2,2018,4.444654683065279,1.0,142
972,2018-03-14,957.0,2066.0,4,2,2018,4.632139399806389,1.0,143
973,2018-03-15,1943.0,4321.0,9,2,2018,4.496644295302013,1.0,144
974,2018-03-16,1256.0,2932.0,6,2,2018,4.283765347885403,1.0,145
975,2018-03-17,2359.0,5286.0,11,2,2018,4.462731744230042,1.0,146
976,2018-03-18,934.0,1919.0,4,2,2018,4.867118290776446,1.0,147
977,2018-03-19,1738.0,3936.0,8,2,2018,4.4156504065040645,1.0,148
978,2018-03-20,1452.0,3360.0,7,2,2018,4.321428571428571,1.0,149
979,2018-03-21,1778.0,3844.0,8,2,2018,4.625390218522373,1.0,150
980,2018-03-22,1310.0,2930.0,6,2,2018,4.4709897610921505,1.0,151
981,2018-03-23,2152.0,4855.0,10,2,2018,4.43254376930999,1.0,152
982,2018-03-24,1242.0,2880.0,6,2,2018,4.3125,1.0,153
983,2018-03-25,1913.0,4366.0,9,2,2018,4.381584974805314,1.0,154
984,2018-03-26,1100.0,2453.0,5,2,2018,4.484304932735426,1.0,155
985,2018-03-27,1613.0,3846.0,8,2,2018,4.1939677587103485,1.0,156
986,2018-03-28,1705.0,3841.0,8,2,2018,4.4389481905753705,1.0,157
987,2018-03-29,1024.0,2398.0,5,2,2018,4.27022518765638,1.0,158
988,2018-03-30,1867.0,4420.0,9,2,2018,4.223981900452489,1.0,159
989,2018-03-31,1060.0,2453.0,5,2,2018,4.321239298817774,1.0,160
990,2018-04-01,2683.0,6291.0,13,2,2018,4.26482276267684,1.0,161
991,2018-04-03,2763.0,6239.0,13,2,2018,4.428594326013784,2.0,162
992,2018-04-04,1255.0,2927.0,6,2,2018,4.287666552784421,1.0,163
993,2018-04-05,1294.0,2879.0,6,2,2018,4.494616186175755,1.0,164
994,2018-04-06,2139.0,4845.0,10,2,2018,4.414860681114551,1.0,165
995,2018-04-07,1363.0,2882.0,6,2,2018,4.7293546148507986,1.0,166
996,2018-04-08,1550.0,3355.0,7,2,2018,4.619970193740685,1.0,167
997,2018-04-09,1826.0,4322.0,9,2,2018,4.224895881536326,1.0,168
998,2018-04-10,1283.0,2876.0,6,2,2018,4.461057023643949,1.0,169
999,2018-04-11,2551.0,5862.0,12,2,2018,4.351757079495052,1.0,170
1000,2018-04-14,850.0,1923.0,4,3,2018,4.420176807072282,3.0,171
1001,2018-04-15,827.0,1971.0,4,3,2018,4.19583967529173,1.0,172
1002,2018-04-16,433.0,960.0,2,3,2018,4.510416666666667,1.0,173
1003,2018-04-17,688.0,1439.0,3,3,2018,4.7810979847116055,1.0,174
1004,2018-04-18,578.0,1438.0,3,3,2018,4.0194714881780245,1.0,175
1005,2018-04-19,664.0,1444.0,3,3,2018,4.598337950138504,1.0,176
1006,2018-04-20,615.0,1438.0,3,3,2018,4.276773296244784,1.0,177
1007,2018-04-21,905.0,1918.0,4,3,2018,4.7184567257559955,1.0,178
1008,2018-04-22,807.0,1918.0,4,3,2018,4.207507820646507,1.0,179
1009,2018-04-23,428.0,954.0,2,3,2018,4.486373165618448,1.0,180
1010,2018-04-24,564.0,1438.0,3,3,2018,3.9221140472878995,1.0,181
1011,2018-04-25,831.0,1921.0,4,3,2018,4.325871941697033,1.0,182
1012,2018-04-26,183.0,476.0,1,3,2018,3.84453781512605,1.0,183
1013,2018-04-27,589.0,1441.0,3,3,2018,4.087439278278973,1.0,184
1014,2018-04-28,432.0,961.0,2,3,2018,4.49531737773153,1.0,185
1015,2018-04-29,412.0,960.0,2,3,2018,4.291666666666667,1.0,186
1016,2018-04-30,218.0,481.0,1,3,2018,4.532224532224532,1.0,187
1017,2018-05-01,462.0,1009.0,2,3,2018,4.578790882061447,1.0,188
1018,2018-05-02,224.0,479.0,1,3,2018,4.676409185803758,1.0,189
1019,2018-05-03,449.0,961.0,2,3,2018,4.672216441207076,1.0,190
1020,2018-05-04,424.0,961.0,2,3,2018,4.41207075962539,1.0,191
1021,2018-05-05,407.0,1006.0,2,3,2018,4.045725646123261,1.0,192
1022,2018-05-06,397.0,960.0,2,3,2018,4.135416666666667,1.0,193
1023,2018-05-07,416.0,962.0,2,3,2018,4.324324324324325,1.0,194
1024,2018-05-08,431.0,960.0,2,3,2018,4.489583333333333,1.0,195
1025,2018-05-09,226.0,481.0,1,3,2018,4.698544698544699,1.0,196
1026,2018-05-13,191.0,481.0,1,3,2018,3.970893970893971,4.0,197
1027,2018-05-14,225.0,480.0,1,3,2018,4.6875,1.0,198
1028,2018-05-15,201.0,478.0,1,3,2018,4.2050209205020925,1.0,199
1029,2018-05-16,232.0,480.0,1,3,2018,4.833333333333333,1.0,200
1030,2018-05-19,202.0,482.0,1,3,2018,4.190871369294605,3.0,201
1031,2018-05-20,211.0,480.0,1,3,2018,4.395833333333333,1.0,202
1032,2018-05-21,213.0,478.0,1,3,2018,4.456066945606695,1.0,203
1033,2018-05-22,187.0,481.0,1,3,2018,3.8877338877338876,1.0,204
1034,2018-05-23,179.0,481.0,1,3,2018,3.7214137214137213,1.0,205
1035,2018-05-24,192.0,481.0,1,3,2018,3.9916839916839915,1.0,206
1036,2018-05-25,208.0,481.0,1,3,2018,4.324324324324325,1.0,207
1037,2018-05-26,201.0,477.0,1,3,2018,4.213836477987421,1.0,208
1038,2018-05-27,166.0,480.0,1,3,2018,3.4583333333333335,1.0,209
1039,2018-05-28,193.0,480.0,1,3,2018,4.020833333333333,1.0,210
1040,2018-05-31,238.0,529.0,1,3,2018,4.499054820415879,3.0,211
1041,2018-06-03,225.0,476.0,1,3,2018,4.726890756302521,3.0,212
1042,2018-06-06,212.0,479.0,1,3,2018,4.4258872651356995,3.0,213
1043,2018-06-08,193.0,483.0,1,3,2018,3.995859213250518,2.0,214
