game_date,predicted_league_avg_fg3a_fga,league_avg_fg3a_fga
2015-10-28,0.30457622790177846,0.2694083088543852
2015-10-29,0.29348458221787943,0.3076923076923077
2015-10-30,0.2817338337957233,0.26824552924117934
2015-10-31,0.27654334946435316,0.25121713729308665
2015-11-01,0.27215173917726815,0.3167495854063018
2015-11-02,0.27170519778929797,0.2639123102866779
2015-11-03,0.2728933805136339,0.27091963545981773
2015-11-04,0.27283232851897604,0.28273809523809523
2015-11-05,0.2746386422907172,0.2503022974607013
2015-11-06,0.2675402249367378,0.2918632075471698
2015-11-07,0.26726981685636453,0.2801047120418848
2015-11-08,0.2713613803583078,0.26432748538011697
2015-11-09,0.2711701602929401,0.26610169491525426
2015-11-10,0.27197981213569145,0.272108843537415
2015-11-11,0.2674732513577631,0.27765726681127983
2015-11-12,0.2670905443739411,0.258252427184466
2015-11-13,0.2689372846954439,0.28517520215633424
2015-11-14,0.26892369186070914,0.29034874290348744
2015-11-15,0.27133148224187187,0.2801418439716312
2015-11-16,0.27412697441462636,0.282435129740519
2015-11-17,0.27740883158762514,0.29035087719298247
2015-11-18,0.27661223196386026,0.26792885829030405
2015-11-19,0.2755986355345099,0.28870292887029286
2015-11-20,0.27409790910377835,0.2947945205479452
2015-11-21,0.27565885217663233,0.2940655447298494
2015-11-22,0.2781026949318276,0.29179030662710187
2015-11-23,0.28201335894398794,0.2819194515852613
2015-11-24,0.28121688226100783,0.30181086519114686
2015-11-25,0.2796065536978272,0.2895791583166333
2015-11-27,0.2806998572201885,0.3066061522945033
2015-11-28,0.28229768606941147,0.2884784520668426
2015-11-29,0.28549160293670955,0.2879120879120879
2015-11-30,0.28255602119458934,0.26691449814126395
2015-12-01,0.27990766402799616,0.3006856023506366
2015-12-02,0.2750763793437767,0.28005115089514065
2015-12-03,0.27676981747178653,0.2965587044534413
2015-12-04,0.2782168961704488,0.29051383399209485
2015-12-05,0.2824466978636629,0.2909958258795468
2015-12-06,0.2804677104960155,0.2817229336437718
2015-12-07,0.2811821805515035,0.2673400673400673
2015-12-08,0.27723018207661143,0.30528375733855184
2015-12-09,0.27546686230265266,0.2673384706579727
2015-12-10,0.2762946423852843,0.26865671641791045
2015-12-11,0.2748649986389716,0.29281469475958943
2015-12-12,0.2748565082396939,0.2849707221860768
2015-12-13,0.27316703626044786,0.28197226502311246
2015-12-14,0.2770640839459056,0.28846153846153844
2015-12-15,0.2790639305760703,0.28792569659442724
2015-12-16,0.2781757669145344,0.27377956718671365
2015-12-17,0.27795667614954406,0.3333333333333333
2015-12-18,0.2800774063086149,0.2665677546983185
2015-12-19,0.2846898823424278,0.2988095238095238
2015-12-20,0.28372032916066003,0.2771929824561403
2015-12-21,0.281846192390836,0.2807133421400264
2015-12-22,0.27516302856799024,0.2922374429223744
2015-12-23,0.27828234881055003,0.2721119133574007
2015-12-25,0.2770863171205782,0.2549246813441483
2015-12-26,0.27440019941971633,0.2869238005644403
2015-12-27,0.269383507749981,0.26500732064421667
2015-12-28,0.27080445122142816,0.28940142778693023
2015-12-29,0.270778586003208,0.2678983833718245
2015-12-30,0.27566530605853923,0.28622540250447226
2015-12-31,0.27289422180737677,0.31786074672048437
2016-01-01,0.27868667542923076,0.272305909617613
2016-01-02,0.2835089926998112,0.28152173913043477
2016-01-03,0.28222011106015515,0.2939110070257611
2016-01-04,0.27985408095114966,0.27513546056592414
2016-01-05,0.27645965520501303,0.2808219178082192
2016-01-06,0.27677331680177614,0.2768549280177187
2016-01-07,0.27647962356666544,0.2821637426900585
2016-01-08,0.2741801613863505,0.27191413237924866
2016-01-09,0.27496293322488974,0.2596732588134136
2016-01-10,0.2725618423453693,0.30309007232084156
2016-01-11,0.2709221373476004,0.220703125
2016-01-12,0.272645063821693,0.290346352247605
2016-01-13,0.2657275647425742,0.2992266508030934
2016-01-14,0.2701122528554369,0.27909270216962523
2016-01-15,0.2742872957583072,0.2686662412252712
2016-01-16,0.28153939698910807,0.2870848708487085
2016-01-17,0.27666918241070526,0.23941958887545345
2016-01-18,0.27157692826883156,0.30414746543778803
2016-01-19,0.2677345003283701,0.2672811059907834
2016-01-20,0.2734346548500039,0.2669826224328594
2016-01-21,0.271827715379593,0.281437125748503
2016-01-22,0.2738682964752856,0.26302250803858523
2016-01-23,0.2703040689175774,0.2805155420773313
2016-01-24,0.26971260172447126,0.30857142857142855
2016-01-25,0.27405718262909434,0.28635778635778636
2016-01-26,0.28073307858384594,0.26656511805026656
2016-01-27,0.2830857133151973,0.2927012791572611
2016-01-28,0.2785063616749111,0.259727626459144
2016-01-29,0.27446360238879175,0.26287262872628725
2016-01-30,0.2705270211724732,0.281505728314239
2016-01-31,0.26936786587874506,0.3182608695652174
2016-02-01,0.27177531687854134,0.2717250324254215
2016-02-02,0.28250304718336566,0.2872727272727273
2016-02-03,0.28244746774301294,0.27529286474973375
2016-02-04,0.2801455026933495,0.2921686746987952
2016-02-05,0.274395988811416,0.2700906344410876
2016-02-06,0.27780827729543744,0.3032104637336504
2016-02-07,0.27671744608201126,0.27011494252873564
2016-02-08,0.280186018838868,0.29435718440954045
2016-02-09,0.2771542120761042,0.29523809523809524
2016-02-10,0.2808721753913188,0.2918080465341735
2016-02-11,0.28088408254642083,0.27325581395348836
2016-02-18,0.28268083562611507,0.23622047244094488
2016-02-19,0.27552600584283876,0.2911764705882353
2016-02-20,0.26560597424993665,0.25267379679144386
2016-02-21,0.2667438085076604,0.2875739644970414
2016-02-22,0.2668139838631362,0.27993393889347645
2016-02-23,0.27474069376200616,0.2584795321637427
2016-02-24,0.2728697449477936,0.30034924330616997
2016-02-25,0.27302137055813014,0.2677165354330709
2016-02-26,0.27559399785487454,0.29511834319526625
2016-02-27,0.27501476766966343,0.2496382054992764
2016-02-28,0.2785646406461465,0.26926406926406926
2016-02-29,0.26923944297336666,0.28331936295054483
2016-03-01,0.26847062542872313,0.2876190476190476
2016-03-02,0.27073915059189435,0.29179978700745474
2016-03-03,0.277953136039572,0.28152492668621704
2016-03-04,0.2809890104682686,0.27176470588235296
2016-03-05,0.27908407813766906,0.2748319641523525
2016-03-06,0.274458994469598,0.3189143341815098
2016-03-07,0.2745577585737891,0.288107202680067
2016-03-08,0.28228547924573033,0.24677898909811694
2016-03-09,0.283536788246076,0.32807363576594345
2016-03-10,0.2772655497696831,0.28924418604651164
2016-03-11,0.27888636040324033,0.28647058823529414
2016-03-12,0.2838871984538586,0.28933717579250723
2016-03-13,0.2876217996351491,0.30599755201958384
2016-03-14,0.2810177523400067,0.2905317769130999
2016-03-15,0.2841912084963081,0.27447023208879917
2016-03-16,0.2849937565911546,0.2915082382762991
2016-03-17,0.28125569848463666,0.26594202898550723
2016-03-18,0.2774338286857122,0.29705882352941176
2016-03-19,0.27500947085657085,0.2970965563808238
2016-03-20,0.2793770033280219,0.3020527859237537
2016-03-21,0.28301992765681766,0.2744583059750492
2016-03-22,0.28662174571053706,0.2786885245901639
2016-03-23,0.2815027892620731,0.29833984375
2016-03-24,0.2775720738338932,0.28762135922330095
2016-03-25,0.2785447095398181,0.2893590541381456
2016-03-26,0.28179025514039235,0.2828282828282828
2016-03-27,0.28235205371155314,0.31721698113207547
2016-03-28,0.2817410922654527,0.27235050325636473
2016-03-29,0.2857183287814807,0.2970106075216972
2016-03-30,0.28340799841204534,0.28028814669286184
2016-03-31,0.28355079287308904,0.30732177263969174
2016-04-01,0.2797631060819046,0.3073794305636258
2016-04-02,0.28625433121776983,0.2718562874251497
2016-04-03,0.2882415054501128,0.30294906166219837
2016-04-05,0.2848273508139882,0.3015267175572519
2016-04-06,0.2840184161046756,0.30162241887905605
2016-04-07,0.28532989914702056,0.2711864406779661
2016-04-08,0.2885699233188876,0.2858866103739445
2016-04-09,0.28106405706418847,0.31333333333333335
2016-04-10,0.27968871421040437,0.3215946843853821
2016-04-11,0.28576868311095804,0.31376386170906717
2016-04-12,0.29634091208146374,0.2750301568154403
2016-04-13,0.298014312829859,0.32405165456012913
2016-04-16,0.3168986491478157,0.2934306569343066
2016-04-17,0.31471813115108516,0.29430379746835444
2016-04-18,0.30167383239673096,0.2830578512396694
2016-04-19,0.30105165207171974,0.27639751552795033
2016-04-20,0.2893209694893823,0.26746506986027946
2016-04-21,0.2856300277210483,0.33675564681724846
2016-04-22,0.28514941154787005,0.340956340956341
2016-04-23,0.300474376901052,0.25112107623318386
2016-04-24,0.30876005066839246,0.34801762114537443
2016-04-25,0.30417225153375305,0.31958762886597936
2016-04-26,0.30310733256949046,0.3628048780487805
2016-04-27,0.3106458565568661,0.3111545988258317
2016-04-28,0.320449755364138,0.3333333333333333
2016-04-29,0.3229303973795727,0.27104722792607805
2016-04-30,0.31443418268563583,0.22485207100591717
2016-05-01,0.2928867152804341,0.2887189292543021
2016-05-02,0.27686500865943053,0.3119533527696793
2016-05-03,0.27691546645372483,0.24571428571428572
2016-05-04,0.2857155478073182,0.45569620253164556
2016-05-05,0.29896686513570875,0.18604651162790697
2016-05-06,0.3298099901873036,0.3730886850152905
2016-05-07,0.2940271642889861,0.29595015576323985
2016-05-08,0.313468531131733,0.3074626865671642
2016-05-09,0.2973519504255181,0.31232876712328766
2016-05-10,0.308641289989829,0.2289156626506024
2016-05-11,0.30318061915812033,0.31736526946107785
2016-05-12,0.2801269961950471,0.21910112359550563
2016-05-13,0.2936003156273995,0.22289156626506024
2016-05-15,0.2771919461380391,0.28662420382165604
2016-05-16,0.2607301858433646,0.2611111111111111
2016-05-17,0.27096171060370866,0.29333333333333333
2016-05-18,0.274348564177083,0.3128834355828221
2016-05-19,0.29014316378512034,0.34177215189873417
2016-05-21,0.29371870602912753,0.4444444444444444
2016-05-22,0.3123439275530113,0.30978260869565216
2016-05-23,0.34681759634286563,0.391304347826087
2016-05-24,0.33405094505447475,0.32941176470588235
2016-05-25,0.33661266087199465,0.2602739726027397
2016-05-26,0.3295471354649785,0.30857142857142855
2016-05-27,0.2983211718721127,0.3660130718954248
2016-05-28,0.29330705470612783,0.38202247191011235
2016-05-30,0.318377921778803,0.367816091954023
2016-06-02,0.34158439950830916,0.2807017543859649
2016-06-05,0.3367745113710402,0.35
2016-06-08,0.31167949338756396,0.3473053892215569
2016-06-10,0.31248158233128115,0.3765432098765432
2016-06-13,0.3225554577060213,0.391812865497076
2016-06-16,0.3406440523452565,0.41509433962264153
2016-06-19,0.3516543285428295,0.4
2016-10-25,0.31235528174683536,0.31094049904030713
2016-10-26,0.32716653345305435,0.2746201463140124
2016-10-27,0.308057729299454,0.2651851851851852
2016-10-28,0.2820734563894303,0.29320113314447593
2016-10-29,0.2711866646305932,0.29862475442043224
2016-10-30,0.27744200474592773,0.29352396972245587
2016-10-31,0.28485890686738063,0.26785714285714285
2016-11-01,0.2838639607981196,0.31585845347313235
2016-11-02,0.27677069066657917,0.3107710417892878
2016-11-03,0.28734165394302447,0.31103286384976525
2016-11-04,0.2928710133268511,0.3121761658031088
2016-11-05,0.2954147754806407,0.3023598820058997
2016-11-06,0.2940938210282558,0.30892678034102306
2016-11-07,0.291100130828681,0.30067567567567566
2016-11-08,0.2914681524428183,0.32831325301204817
2016-11-09,0.29225467391742826,0.3236870310825295
2016-11-10,0.29889470464153556,0.2906474820143885
2016-11-11,0.2996424413931331,0.30043541364296084
2016-11-12,0.29047463334447193,0.2869931542917325
2016-11-13,0.28591561413992733,0.319365798414496
2016-11-14,0.28494225494915204,0.2995562130177515
2016-11-15,0.29190365307786137,0.31520532741398444
2016-11-16,0.2928788640216758,0.31004836109618483
2016-11-17,0.29552471853575185,0.30609896432681244
2016-11-18,0.2941836374187693,0.3008274231678487
2016-11-19,0.293609170508191,0.3313570487483531
2016-11-20,0.2935614755109147,0.31190926275992437
2016-11-21,0.2986459287552402,0.32221480987324885
2016-11-22,0.3005792793934213,0.2752420470262794
2016-11-23,0.29701334880377184,0.3183035714285714
2016-11-25,0.2869838240189611,0.3320358115998443
2016-11-26,0.2933426349758751,0.30685920577617326
2016-11-27,0.30100890701961835,0.3318809005083515
2016-11-28,0.30195264419524803,0.29713804713804715
2016-11-29,0.30172564691345793,0.3298279158699809
2016-11-30,0.29662820966704656,0.28998699609882966
2016-12-01,0.29914504449357177,0.35311572700296734
2016-12-02,0.29379493360216274,0.2947501581277672
2016-12-03,0.3065051125347413,0.31157078215901746
2016-12-04,0.2968092784309264,0.296987087517934
2016-12-05,0.2954147348184899,0.32651991614255765
2016-12-06,0.29069707811918216,0.2800397219463754
2016-12-07,0.297305439552117,0.32925407925407923
2016-12-08,0.2900423024390191,0.32482826300294404
2016-12-09,0.2995077459365766,0.33747547416612167
2016-12-10,0.3038991962807511,0.3162596783799881
2016-12-11,0.31124115968481103,0.323943661971831
2016-12-12,0.3054203688284348,0.30613961312026916
2016-12-13,0.30305743225716614,0.3047619047619048
2016-12-14,0.2960557883161919,0.3282674772036474
2016-12-15,0.2963716743620583,0.2764227642276423
2016-12-16,0.2986478825441582,0.3292108362779741
2016-12-17,0.29134416024325754,0.3185550082101806
2016-12-18,0.2987857698750131,0.3183000867302689
2016-12-19,0.3015519199341113,0.29036144578313255
2016-12-20,0.3023860344241455,0.3237851662404092
2016-12-21,0.2939306372601965,0.3133535660091047
2016-12-22,0.298198849885224,0.3203559510567297
2016-12-23,0.3003186046704827,0.32565087494664957
2016-12-25,0.3037903711266144,0.29171528588098017
2016-12-26,0.3029377276594554,0.33550135501355016
2016-12-27,0.297514283192874,0.3242424242424242
2016-12-28,0.30468477427512486,0.2998256827425915
2016-12-29,0.3046972790636983,0.33367983367983367
2016-12-30,0.30253257575122733,0.3245350929814037
2016-12-31,0.30547483394545544,0.34611503531786075
2017-01-01,0.30917642545034485,0.30058479532163745
2017-01-02,0.3148017951578884,0.28774928774928776
2017-01-03,0.2999592232854217,0.3320726172465961
2017-01-04,0.29338075859125506,0.3188034188034188
2017-01-05,0.2999429081363437,0.3145506419400856
2017-01-06,0.30365924849904335,0.33835125448028674
2017-01-07,0.3077558572489488,0.3313856427378965
2017-01-08,0.31101320146079714,0.33355048859934855
2017-01-09,0.3129296007999092,0.29545454545454547
2017-01-10,0.31061199291769315,0.32527759634225994
2017-01-11,0.30131108034058973,0.32701421800947866
2017-01-12,0.30340031338963436,0.3069679849340866
2017-01-13,0.3047634340122833,0.34130146082337315
2017-01-14,0.30686695212261195,0.28154205607476634
2017-01-15,0.30688649408923524,0.32357859531772576
2017-01-16,0.2967138514252674,0.31753246753246755
2017-01-17,0.30116677221388466,0.2768878718535469
2017-01-18,0.29773888460587555,0.32316677482154443
2017-01-19,0.29278177511573733,0.3102232667450059
2017-01-20,0.2970082413007158,0.3240800516462234
2017-01-21,0.29961055616165677,0.3192834562697576
2017-01-22,0.3068856281162211,0.32344213649851633
2017-01-23,0.3069511327919115,0.32128777923784496
2017-01-24,0.3071005599784041,0.2956609485368315
2017-01-25,0.3049423920711933,0.3193566915565767
2017-01-26,0.2969692738306798,0.2735562310030395
2017-01-27,0.2966012340750052,0.3360995850622407
2017-01-28,0.28960105582365353,0.31443298969072164
2017-01-29,0.3025993106172846,0.30253475061324614
2017-01-30,0.30299284896457523,0.3435948361469712
2017-01-31,0.30485789384741363,0.3209302325581395
2017-02-01,0.3108938332543161,0.3157129000969932
2017-02-02,0.3098147289659587,0.3598326359832636
2017-02-03,0.31213440149754523,0.3126201153106983
2017-02-04,0.31846524344683586,0.32314148681055155
2017-02-05,0.3131759148110763,0.34615384615384615
2017-02-06,0.31267637212767,0.29120589784096895
2017-02-07,0.3121290579095912,0.344106463878327
2017-02-08,0.30579793049250265,0.3147605083088954
2017-02-09,0.31111588627022,0.3059360730593607
2017-02-10,0.30599991385464576,0.31138907175773534
2017-02-11,0.3037948064376671,0.3504083147735709
2017-02-12,0.30360817223294073,0.31259720062208396
2017-02-13,0.31354569060441145,0.32054054054054054
2017-02-14,0.3126869864498496,0.3179916317991632
2017-02-15,0.30898284562987627,0.3310896087505259
2017-02-16,0.3050849287956488,0.3303030303030303
2017-02-23,0.31154482196225236,0.3283996299722479
2017-02-24,0.3149151648894819,0.3043731778425656
2017-02-25,0.3130649182170091,0.3402877697841727
2017-02-26,0.30732340619443915,0.3102930127723516
2017-02-27,0.3108104712932376,0.3319112627986348
2017-02-28,0.3087215857594048,0.30975143403441685
2017-03-01,0.3117581325971728,0.32021857923497266
2017-03-02,0.3055406957982805,0.31137724550898205
2017-03-03,0.30642406326769595,0.31746031746031744
2017-03-04,0.30401930542280964,0.3129548762736536
2017-03-05,0.3056790070960115,0.32323232323232326
2017-03-06,0.3053109430516907,0.34811165845648606
2017-03-07,0.31176334398578626,0.29558541266794625
2017-03-08,0.31645100990926534,0.3145945945945946
2017-03-09,0.3061201305686338,0.28506271379703535
2017-03-10,0.2999571395576649,0.3211624441132638
2017-03-11,0.2916703625503214,0.3102100635075721
2017-03-12,0.3003310271927594,0.32129277566539927
2017-03-13,0.3035363372943756,0.33358153387937456
2017-03-14,0.31018541860969384,0.3146603098927294
2017-03-15,0.3131927221766856,0.31928783382789316
2017-03-16,0.31038053228512985,0.3092682926829268
2017-03-17,0.307590591373836,0.3020231213872832
2017-03-18,0.3014962720842335,0.31097560975609756
2017-03-19,0.29915729332611013,0.31054545454545457
2017-03-20,0.30022793859444674,0.334412955465587
2017-03-21,0.30399100636728077,0.29898403483309144
2017-03-22,0.30971510570456573,0.31533477321814257
2017-03-23,0.30400972479965044,0.3009592326139089
2017-03-24,0.30242009935510195,0.3015245623941276
2017-03-25,0.2967406093287781,0.2647412755716005
2017-03-26,0.2929564566417841,0.3118466898954704
2017-03-27,0.2830787959865491,0.28743718592964823
2017-03-28,0.28991986348987575,0.31956521739130433
2017-03-29,0.29171422193122276,0.32906976744186045
2017-03-30,0.30481547089255673,0.2979452054794521
2017-03-31,0.3085591765163687,0.33509234828496043
2017-04-01,0.30574926785885287,0.29651162790697677
2017-04-02,0.30818054726716204,0.3502191914271797
2017-04-03,0.3044488251112616,0.2411764705882353
2017-04-04,0.30980875962408577,0.33244397011739596
2017-04-05,0.28509388246616046,0.348014440433213
2017-04-06,0.3001059349192719,0.32456140350877194
2017-04-07,0.3136787355103313,0.3167420814479638
2017-04-08,0.3216780379965235,0.3092250922509225
2017-04-09,0.3109485020589582,0.3524046434494196
2017-04-10,0.30569344600462534,0.32601678502259523
2017-04-11,0.3174900418227879,0.30689655172413793
2017-04-12,0.3179368658262286,0.31906134211609716
2017-04-15,0.33290612074717585,0.28391167192429023
2017-04-16,0.32421578073386503,0.33666191155492153
2017-04-17,0.3090626131860704,0.3333333333333333
2017-04-18,0.3167892688297325,0.3169734151329243
2017-04-19,0.3199827918537991,0.32053742802303264
2017-04-20,0.3205795476479471,0.3697478991596639
2017-04-21,0.3216880494632314,0.34375
2017-04-22,0.3347533083360262,0.3190271816881259
2017-04-23,0.3365638132382764,0.3511450381679389
2017-04-24,0.33021131551093974,0.371900826446281
2017-04-25,0.33212061620067973,0.3873684210526316
2017-04-26,0.347104739388888,0.3590504451038576
2017-04-27,0.359819844440746,0.29692832764505117
2017-04-28,0.34725321868000397,0.3425531914893617
2017-04-30,0.3196093556648399,0.2976190476190476
2017-05-01,0.3173274195468889,0.4028985507246377
2017-05-02,0.3182312851370133,0.3646723646723647
2017-05-03,0.34980597476834213,0.32047477744807124
2017-05-04,0.3490252753600981,0.35502958579881655
2017-05-05,0.34039723709862757,0.3115727002967359
2017-05-06,0.32916011442148535,0.32298136645962733
2017-05-07,0.3193797933112243,0.3657587548638132
2017-05-08,0.32538137432462627,0.3063583815028902
2017-05-09,0.33106562744277623,0.42857142857142855
2017-05-10,0.33477011599348133,0.34831460674157305
2017-05-11,0.36069096649268795,0.3583815028901734
2017-05-12,0.35218667842880014,0.3575757575757576
2017-05-14,0.3501044285698249,0.3151515151515151
2017-05-15,0.3370251460999809,0.33121019108280253
2017-05-16,0.3259640724125126,0.31746031746031744
2017-05-17,0.321757021536615,0.40828402366863903
2017-05-19,0.32664325802574457,0.38596491228070173
2017-05-20,0.35794105259028886,0.2711864406779661
2017-05-21,0.3551210119814816,0.4906832298136646
2017-05-22,0.3402838559977073,0.34782608695652173
2017-05-23,0.37695741969221686,0.3464052287581699
2017-05-25,0.36418885572163756,0.4152046783625731
2017-06-01,0.3600972972060611,0.3333333333333333
2017-06-04,0.35496516558311786,0.38095238095238093
2017-06-07,0.3516834967644162,0.44508670520231214
2017-06-09,0.3616785973470896,0.4827586206896552
2017-06-12,0.39281107428766704,0.34831460674157305
2017-10-17,0.3634930932040798,0.35919540229885055
2017-10-18,0.34943412616337044,0.3103802672147996
2017-10-19,0.3314180034175086,0.31910946196660483
2017-10-20,0.31143052503768404,0.3217793183131138
2017-10-21,0.311091403821342,0.34288804759329367
2017-10-22,0.3102879352767062,0.31529850746268656
2017-10-23,0.3180832712193625,0.3383800151400454
2017-10-24,0.316487784850078,0.33001988071570576
2017-10-25,0.3173217446867141,0.3469865418373318
2017-10-26,0.31825947743599,0.35766423357664234
2017-10-27,0.32875606997843887,0.3368421052631579
2017-10-28,0.3337021381524778,0.38063063063063063
2017-10-29,0.33310807722869856,0.31085526315789475
2017-10-30,0.3370508382306979,0.34285714285714286
2017-10-31,0.3229892592353186,0.29873772791023845
2017-11-01,0.31751215274500205,0.3511303511303511
2017-11-02,0.3074871568145436,0.2746268656716418
2017-11-03,0.3140902100574012,0.35256723716381416
2017-11-04,0.301765655985582,0.3403755868544601
2017-11-05,0.3161776016547301,0.3345029239766082
2017-11-06,0.32419590515552943,0.3504950495049505
2017-11-07,0.32846270468996697,0.33827893175074186
2017-11-08,0.3277609283871572,0.3058139534883721
2017-11-09,0.3235938530974212,0.3620488940628638
2017-11-10,0.31546436399603445,0.31130690161527164
2017-11-11,0.32139498432031555,0.3159029649595687
2017-11-12,0.31577721076615695,0.3804511278195489
2017-11-13,0.3166231183550954,0.3566666666666667
2017-11-14,0.33298072388418776,0.3890020366598778
2017-11-15,0.34733238228570623,0.3376835236541599
2017-11-16,0.3539953377746684,0.38873239436619716
2017-11-17,0.3414551245607047,0.3413111342351717
2017-11-18,0.34714036181404484,0.340153452685422
2017-11-19,0.33735867303211314,0.34277620396600567
2017-11-20,0.3308344547604079,0.3324338909875877
2017-11-21,0.3242404390971256,0.41304347826086957
2017-11-22,0.33280255850097606,0.3388635420987142
2017-11-24,0.3525029968877626,0.3333333333333333
2017-11-25,0.3412281284375398,0.34174174174174177
2017-11-26,0.3309465544837854,0.3346774193548387
2017-11-27,0.3200850905832772,0.3551470588235294
2017-11-28,0.32662528841736194,0.3591293833131802
2017-11-29,0.3348495430086135,0.3123899001761597
2017-11-30,0.33489613548422054,0.36128236744759556
2017-12-01,0.32483184981331475,0.3112094395280236
2017-12-02,0.3251419731295423,0.3360294117647059
2017-12-03,0.3176584485273426,0.34009546539379476
2017-12-04,0.32126115805396044,0.33315217391304347
2017-12-05,0.322456465377136,0.3299595141700405
2017-12-06,0.32443419698230314,0.33313748531139836
2017-12-07,0.3219596273143763,0.34375
2017-12-08,0.3211329107537222,0.32436363636363635
2017-12-09,0.3252383983749191,0.3371121718377088
2017-12-10,0.32232214416876054,0.3420260782347041
2017-12-11,0.3235865624749168,0.3720693170234455
2017-12-12,0.3287887556140168,0.3267248215701824
2017-12-13,0.3402484497654739,0.31877444589308995
2017-12-14,0.32909107403467414,0.3503562945368171
2017-12-15,0.3194191081783839,0.3438144329896907
2017-12-16,0.32295526523779666,0.34896233666410453
2017-12-17,0.33293631389022005,0.35703703703703704
2017-12-18,0.3369789629019485,0.314717859220477
2017-12-19,0.3334646889951687,0.3695652173913043
2017-12-20,0.32721789578562943,0.3432310015098138
2017-12-21,0.3333478228401458,0.33292978208232443
2017-12-22,0.3332037887900124,0.3333333333333333
2017-12-23,0.3303944268718325,0.31743869209809267
2017-12-25,0.3201777294710008,0.3364485981308411
2017-12-26,0.3163188802941737,0.3129548762736536
2017-12-27,0.3179752491010091,0.34136310223266747
2017-12-28,0.3160858294780847,0.31396786155747836
2017-12-29,0.31952450475729033,0.3356643356643357
2017-12-30,0.3160458320979635,0.3162251655629139
2017-12-31,0.3183947672354531,0.3416599516518936
2018-01-01,0.3157287386351929,0.3036935704514364
2018-01-02,0.3194620823322496,0.3173076923076923
2018-01-03,0.31112248587594643,0.331881954523464
2018-01-04,0.3101212309492303,0.3881401617250674
2018-01-05,0.32166680293107874,0.342489772063121
2018-01-06,0.3472083931067263,0.32591529073941133
2018-01-07,0.3419136565787576,0.3264129181084198
2018-01-08,0.3266673305079209,0.3307475317348378
2018-01-09,0.314758246940744,0.30678466076696165
2018-01-10,0.3156718774675558,0.3183738120380148
2018-01-11,0.3114162018237557,0.3524355300859599
2018-01-12,0.3128614503300095,0.33377395902181095
2018-01-13,0.3241012531557542,0.327683615819209
2018-01-14,0.32754676663032267,0.33431516936671574
2018-01-15,0.3242709914954181,0.33013333333333333
2018-01-16,0.32018151305151504,0.3451568894952251
2018-01-17,0.3228079883568734,0.337995337995338
2018-01-18,0.32843853261017136,0.33086053412462907
2018-01-19,0.32777709403680916,0.33756345177664976
2018-01-20,0.32531735634214864,0.37099934683213587
2018-01-21,0.3282584783508252,0.3094890510948905
2018-01-22,0.33533876921817984,0.3357377049180328
2018-01-23,0.3255215338553565,0.3399532710280374
2018-01-24,0.3218700885180751,0.3410553410553411
2018-01-25,0.32326437545952347,0.311046511627907
2018-01-26,0.3276033542372876,0.33941176470588236
2018-01-27,0.31893622169026814,0.3377926421404682
2018-01-28,0.32023428008852206,0.36824605153782214
2018-01-29,0.32833589320984363,0.333
2018-01-30,0.3409885802323568,0.3130211674150096
2018-01-31,0.3310717089572285,0.3383800151400454
2018-02-01,0.31884620022147814,0.3414351851851852
2018-02-02,0.3184339631709131,0.3350416399743754
2018-02-03,0.32638407805708974,0.35312899106002554
2018-02-04,0.33170411451766696,0.33747609942638623
2018-02-05,0.3329240701315183,0.34395973154362414
2018-02-06,0.33114382916621954,0.3328413284132841
2018-02-07,0.3308550673048504,0.37109826589595374
2018-02-08,0.3309246233196484,0.34750462107208874
2018-02-09,0.34054878822407636,0.3365323096609085
2018-02-10,0.33963378016949297,0.3490792634107286
2018-02-11,0.3346043268214211,0.3637702503681885
2018-02-12,0.33327507876830476,0.3139312977099237
2018-02-13,0.33682100130215825,0.3730769230769231
2018-02-14,0.3327096957339618,0.3488920320603489
2018-02-15,0.3376784904788053,0.33518005540166207
2018-02-22,0.33712427015647534,0.34026465028355385
2018-02-23,0.3356956791958743,0.3298139768728004
2018-02-24,0.3263638731756373,0.3356741573033708
2018-02-25,0.324037424055612,0.3194130925507901
2018-02-26,0.3240808026593131,0.3306405077899596
2018-02-27,0.31888680076636206,0.32517140058765914
2018-02-28,0.3185530679594719,0.3314176245210728
2018-03-01,0.31891915586957803,0.32083333333333336
2018-03-02,0.32077019044049365,0.31869436201780416
2018-03-03,0.31696121684691014,0.34039087947882735
2018-03-04,0.3163895829306154,0.32727272727272727
2018-03-05,0.3216415605646781,0.35034602076124566
2018-03-06,0.32533947139291436,0.339568345323741
2018-03-07,0.3320165470629141,0.34577114427860695
2018-03-08,0.3317183135991788,0.3340782122905028
2018-03-09,0.33278176066488374,0.3421672555948174
2018-03-10,0.3289755024783429,0.30036188178528345
2018-03-11,0.32494665865246924,0.34814814814814815
2018-03-12,0.3154406680537628,0.3812316715542522
2018-03-13,0.32881960051750425,0.334375
2018-03-14,0.343563122298129,0.3261163734776725
2018-03-15,0.34151341373288935,0.33312538989394885
2018-03-16,0.3264115186506602,0.3174451858913251
2018-03-17,0.3165311125135365,0.32473684210526316
2018-03-18,0.3169001412719016,0.2957540263543192
2018-03-19,0.3137719123859543,0.3469241773962804
2018-03-20,0.30812846927363746,0.3531326281529699
2018-03-21,0.32220107265478265,0.3282937365010799
2018-03-22,0.33262181420625403,0.3702325581395349
2018-03-23,0.336823338469124,0.3221125943122461
2018-03-24,0.3370620076905234,0.36657433056325023
2018-03-25,0.333365064761726,0.32229299363057323
2018-03-26,0.3370849546397177,0.33070866141732286
2018-03-27,0.32677602479189777,0.33428165007112376
2018-03-28,0.3245062339377043,0.34558823529411764
2018-03-29,0.32387056055695984,0.3176895306859206
2018-03-30,0.3282781115524588,0.34467821782178215
2018-03-31,0.3254351568549694,0.315606936416185
2018-04-01,0.32393162642109086,0.35020152261531573
2018-04-03,0.32146994810247653,0.3537629562866156
2018-04-04,0.331630831187389,0.3408450704225352
2018-04-05,0.3365033811096661,0.32315270935960594
2018-04-06,0.3348978749834296,0.33934611048478014
2018-04-07,0.32500504545453485,0.33617424242424243
2018-04-08,0.3237180944110381,0.36756316218418905
2018-04-09,0.33086589275620526,0.32947232947232946
2018-04-10,0.3399859722690662,0.37592592592592594
2018-04-11,0.33836527713105985,0.3313253012048193
2018-04-14,0.3779359216619654,0.31176470588235294
2018-04-15,0.3596756459594392,0.33781763826606875
2018-04-16,0.33706398136509064,0.3519061583577713
2018-04-17,0.327658066179817,0.312621359223301
2018-04-18,0.33306537549398796,0.36726546906187624
2018-04-19,0.3353986631661965,0.3877551020408163
2018-04-20,0.3453573995333149,0.3487394957983193
2018-04-21,0.3596326319594897,0.3411764705882353
2018-04-22,0.3583021449612183,0.3153153153153153
2018-04-23,0.3395516405593821,0.3561253561253561
2018-04-24,0.32395979322580737,0.3724696356275304
2018-04-25,0.3398415192345928,0.3435114503816794
2018-04-26,0.3525998106055675,0.3974358974358974
2018-04-27,0.35748390449376294,0.3431372549019608
2018-04-28,0.3622834641565589,0.30434782608695654
2018-04-29,0.3471928394858499,0.36538461538461536
2018-04-30,0.32827941564475,0.3630952380952381
2018-05-01,0.3361688347237137,0.35989717223650386
2018-05-02,0.35033651111468833,0.38764044943820225
2018-05-03,0.36229465559474217,0.3687315634218289
2018-05-04,0.36514891134204086,0.3547486033519553
2018-05-05,0.3629162574688683,0.3684210526315789
2018-05-06,0.35739100476621977,0.3559322033898305
2018-05-07,0.3526755946995012,0.29819277108433734
2018-05-08,0.3452089772812921,0.33618233618233617
2018-05-09,0.32680300080805635,0.24550898203592814
2018-05-13,0.30959037787154897,0.32941176470588235
2018-05-14,0.29391517747634793,0.42424242424242425
2018-05-15,0.32054792386584446,0.36046511627906974
2018-05-16,0.3649204402545304,0.4161849710982659
2018-05-19,0.38288902818420834,0.37333333333333335
2018-05-20,0.3842922787549815,0.3815028901734104
2018-05-21,0.3702050310564373,0.3072289156626506
2018-05-22,0.3614859155601358,0.39156626506024095
2018-05-23,0.3411939465770348,0.4591194968553459
2018-05-24,0.3668845307839222,0.46
2018-05-25,0.4088065478277554,0.3167701863354037
2018-05-26,0.41657191958303375,0.4695121951219512
2018-05-27,0.38902448554386915,0.4900662251655629
2018-05-28,0.4004297440297153,0.48823529411764705
2018-05-31,0.436517391749679,0.3862433862433862
2018-06-03,0.45462068260481125,0.36627906976744184
2018-06-06,0.40519667325011044,0.32947976878612717
2018-06-08,0.35915532248311227,0.37572254335260113
2018-10-16,0.2879871063954249,0.34054054054054056
2018-10-17,0.32947737458386017,0.3257460799190693
2018-10-18,0.3301390296009102,0.3486725663716814
2018-10-19,0.33394456554705154,0.3378712871287129
2018-10-20,0.33187762928514214,0.37182320441988953
2018-10-21,0.3337404699689836,0.34829931972789113
2018-10-22,0.34490806631788673,0.36838978015448604
2018-10-23,0.34555678924164773,0.3169877408056042
2018-10-24,0.342347452833961,0.36067244014263883
2018-10-25,0.3317258072388381,0.31392045454545453
2018-10-26,0.33051361964341136,0.37962962962962965
2018-10-27,0.32833467975050973,0.35868187579214195
2018-10-28,0.3455281513139181,0.3263888888888889
2018-10-29,0.34116206401580423,0.3598802395209581
2018-10-30,0.33955276035921084,0.3465491923641703
2018-10-31,0.33554598802980046,0.30861244019138756
2018-11-01,0.32976889643838564,0.3577386468952734
2018-11-02,0.3276364679338227,0.3601449275362319
2018-11-03,0.3325075775618735,0.36168639053254437
2018-11-04,0.34165677948060913,0.3570261437908497
2018-11-05,0.35085635816523697,0.3419558359621451
2018-11-06,0.3439572198283526,0.39436619718309857
2018-11-07,0.3461993394942977,0.3587830080367394
2018-11-08,0.35446278587683777,0.3657219973009447
2018-11-09,0.3552288244705563,0.35760517799352753
2018-11-10,0.35437311223493706,0.32771219786396855
2018-11-11,0.3407965610914257,0.4155722326454034
2018-11-12,0.34552230169178183,0.35586734693877553
2018-11-13,0.36156304920116605,0.3668639053254438
2018-11-14,0.3587188880347869,0.3433609958506224
2018-11-15,0.3546134483472964,0.35447761194029853
2018-11-16,0.33885379082199246,0.329616724738676
2018-11-17,0.3369692050462594,0.3573021181716834
2018-11-18,0.33349356619436377,0.3229018492176387
2018-11-19,0.3336038574396001,0.3526894865525672
2018-11-20,0.32952813522463875,0.3574408901251738
2018-11-21,0.3371568716610122,0.36046511627906974
2018-11-23,0.3419681443050884,0.3444709626093874
2018-11-24,0.3467197827654286,0.35578446909667194
2018-11-25,0.34225227385300266,0.3472222222222222
2018-11-26,0.3400782205888868,0.3730612244897959
2018-11-27,0.34257224901955824,0.3499420625724218
2018-11-28,0.3497323642498282,0.36074872376630746
2018-11-29,0.34680166356579983,0.3030852994555354
2018-11-30,0.33858755201874036,0.36308006119326874
2018-12-01,0.32322856380419385,0.36438582028029676
2018-12-02,0.33592489868035563,0.3159392789373814
2018-12-03,0.3370519674286594,0.33577832110839445
2018-12-04,0.3339765468304427,0.33796296296296297
2018-12-05,0.3259052143498847,0.37555555555555553
2018-12-06,0.33121261736179064,0.36380597014925375
2018-12-07,0.34946710305958695,0.3556298773690078
2018-12-08,0.3527298804375541,0.3681903569192235
2018-12-09,0.3506129542500823,0.3441011235955056
2018-12-10,0.3465980084414769,0.3433385992627699
2018-12-11,0.3394870813768322,0.302504816955684
2018-12-12,0.3303087559508651,0.35135135135135137
2018-12-13,0.31764895779515767,0.3511450381679389
2018-12-14,0.33044170023015906,0.37939543491671807
2018-12-15,0.34092147410349194,0.3389974511469839
2018-12-16,0.352787949156037,0.3632781717888101
2018-12-17,0.3455476863536553,0.32908704883227174
2018-12-18,0.34121645759847,0.37695590327169276
2018-12-19,0.3383254224038765,0.3552507095553453
2018-12-20,0.34749514118278413,0.40285714285714286
2018-12-21,0.35601049940207485,0.35339233038348083
2018-12-22,0.36576173243383386,0.36281179138321995
2018-12-23,0.3557301103336704,0.3305613305613306
2018-12-25,0.3478060559583441,0.3619763694951665
2018-12-26,0.33610303755841753,0.34850166481687017
2018-12-27,0.3406871912785433,0.37351991388589884
2018-12-28,0.3449696486053567,0.31828316610925306
2018-12-29,0.3460828153524295,0.37339331619537275
2018-12-30,0.33909056691703665,0.3484708063021316
2018-12-31,0.3434834800669606,0.33800494641385
2019-01-01,0.3385202056207244,0.31378935939196523
2019-01-02,0.33483596285420775,0.3373957665169981
2019-01-03,0.3199900266917324,0.39492753623188404
2019-01-04,0.3324454629238533,0.34977827050997784
2019-01-05,0.35187697857873124,0.3624454148471616
2019-01-06,0.3547965918444918,0.3130504403522818
2019-01-07,0.3450099852392515,0.3574007220216607
2019-01-08,0.3277299384948329,0.3492063492063492
2019-01-09,0.3351176215767308,0.3539260969976905
2019-01-10,0.3381242593078202,0.3178191489361702
2019-01-11,0.33970133402912334,0.3688374923919659
2019-01-12,0.33290851422289314,0.3547703180212014
2019-01-13,0.33943136212831937,0.35498839907192575
2019-01-14,0.3435087964890347,0.3738049713193117
2019-01-15,0.3524883721899247,0.35707762557077627
2019-01-16,0.35114699526936377,0.3735823882588392
2019-01-17,0.3515664094437027,0.37272727272727274
2019-01-18,0.35779745681203107,0.35866013071895425
2019-01-19,0.3555700962185304,0.3865979381443299
2019-01-20,0.3588288380604292,0.3125
2019-01-21,0.35133622473986736,0.3420093701197293
2019-01-22,0.33483642822365023,0.3674033149171271
2019-01-23,0.3354939617267234,0.3660919540229885
2019-01-24,0.3406949021891449,0.3373015873015873
2019-01-25,0.35118132121873025,0.37139561707035756
2019-01-26,0.3487964642092991,0.3411371237458194
2019-01-27,0.3440298343633794,0.3795295613477432
2019-01-28,0.3448054260697375,0.3535242290748899
2019-01-29,0.3556648907922045,0.3682170542635659
2019-01-30,0.3517666512973053,0.37760229720028715
2019-01-31,0.3569891390796283,0.35023041474654376
2019-02-01,0.3544850382159831,0.39816933638443935
2019-02-02,0.35804901181950904,0.3606789250353607
2019-02-03,0.36302335388236384,0.3389830508474576
2019-02-04,0.35280810245921856,0.37803780378037805
2019-02-05,0.3515134104527857,0.35467625899280575
2019-02-06,0.3475452850461022,0.37728355837966643
2019-02-07,0.35180667077631805,0.34401508011310084
2019-02-08,0.3564452502021942,0.35157894736842105
2019-02-09,0.3446881456097552,0.35518102372034954
2019-02-10,0.34344070482274275,0.36049107142857145
2019-02-11,0.34301246521976925,0.4045307443365696
2019-02-12,0.3560191930200078,0.3474860335195531
2019-02-13,0.36504722894275154,0.37294878170064644
2019-02-14,0.3587296828548505,0.3738819320214669
2019-02-21,0.35841076670623834,0.3779385171790235
2019-02-22,0.3561631310666772,0.36959134615384615
2019-02-23,0.3643435931826311,0.3684210526315789
2019-02-24,0.36120082408054777,0.32967032967032966
2019-02-25,0.35086641223820614,0.38438287153652395
2019-02-26,0.34495361738044267,0.34750462107208874
2019-02-27,0.3495264118388616,0.35784313725490197
2019-02-28,0.34671251382404167,0.3694207027540361
2019-03-01,0.35307264276943695,0.3680241327300151
2019-03-02,0.3512164820377434,0.364043506078055
2019-03-03,0.3563751026645502,0.3719298245614035
2019-03-04,0.35764194998162424,0.3772213247172859
2019-03-05,0.3587814819125937,0.3510941960038059
2019-03-06,0.3572977043809387,0.356
2019-03-07,0.35209388005621783,0.37333333333333335
2019-03-08,0.3501237570945114,0.3706950532247965
2019-03-09,0.35311362669941776,0.3826086956521739
2019-03-10,0.3616257670635845,0.36397984886649876
2019-03-11,0.36422701876129043,0.4
2019-03-12,0.364039670304367,0.3386201427438541
2019-03-13,0.3640525705843444,0.3797709923664122
2019-03-14,0.3543279384667971,0.35371589840075257
2019-03-15,0.3557752546473306,0.30598052851182195
2019-03-16,0.3380022293760046,0.3672903672903673
2019-03-17,0.33343841208467734,0.3712121212121212
2019-03-18,0.3397099818256766,0.3642013673088875
2019-03-19,0.35044952863695483,0.41579448144624165
2019-03-20,0.37018568993955053,0.3864589574595566
2019-03-21,0.37802576439942615,0.3680227057710501
2019-03-22,0.37269941324764,0.3856
2019-03-23,0.37217365424707916,0.37077877325982084
2019-03-24,0.36283751499539896,0.3709677419354839
2019-03-25,0.361246667677348,0.3452054794520548
2019-03-26,0.35710331964486147,0.38232044198895027
2019-03-27,0.35119303562216186,0.339265850945495
2019-03-28,0.35172277958803166,0.3628750872295883
2019-03-29,0.3467702652464255,0.36899365367180414
2019-03-30,0.3517250136581135,0.34588826114249843
2019-03-31,0.34818721064898916,0.39274691358024694
2019-04-01,0.3544671637927125,0.363013698630137
2019-04-02,0.3612935291508089,0.40027137042062416
2019-04-03,0.3664090020653101,0.34957825679475163
2019-04-04,0.37000259642920674,0.38028169014084506
2019-04-05,0.3593707842366932,0.3563315103071098
2019-04-06,0.3590514077368398,0.36187845303867405
2019-04-07,0.3509249053221972,0.3815840811548966
2019-04-09,0.35729855885431017,0.38653748087710355
2019-04-10,0.3626680419613765,0.37319189971070393
2019-04-13,0.39862819387099807,0.3084507042253521
2019-04-14,0.37879824765980247,0.361671469740634
2019-04-15,0.34817532529477996,0.3390804597701149
2019-04-16,0.3393441952379123,0.32947976878612717
2019-04-17,0.33338091815020554,0.38345864661654133
2019-04-18,0.34634541557677834,0.3290676416819013
2019-04-19,0.348814177598852,0.40081799591002043
2019-04-20,0.3529407951787354,0.39363241678726485
2019-04-21,0.3730070420487314,0.3796711509715994
2019-04-22,0.37595361914105546,0.41569767441860467
2019-04-23,0.38716406356533356,0.3558368495077356
2019-04-24,0.381602686973338,0.4157303370786517
2019-04-25,0.3757159431297027,0.26666666666666666
2019-04-26,0.3648768706012105,0.33513513513513515
2019-04-27,0.32443374484325305,0.2991202346041056
2019-04-28,0.31809977168826964,0.4276923076923077
2019-04-29,0.32275198249459947,0.3987730061349693
2019-04-30,0.37603091799512534,0.4415204678362573
2019-05-01,0.3990505741093164,0.31693989071038253
2019-05-02,0.39660251149870734,0.2994011976047904
2019-05-03,0.3442838026086356,0.3955773955773956
2019-05-04,0.3338221497309777,0.39893617021276595
2019-05-05,0.3509343261146254,0.3674698795180723
2019-05-06,0.3750834806780254,0.4363143631436314
2019-05-07,0.39150165790757724,0.35919540229885055
2019-05-08,0.3841196483134053,0.4672364672364672
2019-05-09,0.3883915073502528,0.3739130434782609
2019-05-10,0.40707820692699825,0.4425287356321839
2019-05-12,0.3900669377868766,0.30357142857142855
2019-05-14,0.3910874031412488,0.3652694610778443
2019-05-15,0.3474608748997467,0.4648648648648649
2019-05-16,0.3694119609993507,0.40476190476190477
2019-05-17,0.39193231121415556,0.40782122905027934
2019-05-18,0.40952540024985684,0.3609467455621302
2019-05-19,0.39515184241276413,0.4362745098039216
2019-05-20,0.3762861081519872,0.40609137055837563
2019-05-21,0.39746849727125977,0.4550898203592814
2019-05-23,0.407019356687646,0.44047619047619047
2019-05-25,0.4246749385904857,0.40939597315436244
2019-05-30,0.41587762013587737,0.4129032258064516
2019-06-02,0.4090557054480721,0.4090909090909091
2019-06-05,0.39763949147639416,0.4277456647398844
2019-06-07,0.3981469783969913,0.3597560975609756
2019-06-10,0.39468653181288754,0.4431137724550898
2019-06-13,0.38888536793587714,0.3950617283950617
