,game_date,total_pts,fga,fg3a,total_min,total_games,season_type,season,league_avg_ppm,league_avg_fg3a_fga,days_since_last_game,date_num,weights,league_predictions,weighted_mse
0,2017-10-18,2366.0,1946.0,604.0,5259.0,11,0.0,2018,0.44989541737973,0.3103802672147996,1.0,0.009433962264150886,0.0045593310482009855,0.2759362459182739,5.409147511896087e-06
1,2017-10-19,606.0,539.0,172.0,1419.0,3,0.0,2018,0.427061310782241,0.31910946196660483,1.0,0.014150943396226412,0.0012628362975232944,0.27123773097991943,2.8940452613405487e-06
2,2017-10-20,2178.0,1731.0,557.0,4774.0,10,0.0,2018,0.45622119815668205,0.3217793183131138,1.0,0.018867924528301883,0.004055602283882788,0.29982104897499084,1.9554718774451998e-06
3,2017-10-20,2178.0,1731.0,557.0,4774.0,10,0.0,2018,0.45622119815668205,0.3217793183131138,1.0,0.018867924528301883,0.004055602283882788,0.29982104897499084,1.9554718774451998e-06
4,2017-10-22,678.0,536.0,169.0,1425.0,3,0.0,2018,0.47578947368421054,0.31529850746268656,1.0,0.028301886792452824,0.0012558075240676919,0.2655697911977768,3.1055432155859845e-06
5,2017-10-22,678.0,536.0,169.0,1425.0,3,0.0,2018,0.47578947368421054,0.31529850746268656,1.0,0.028301886792452824,0.0012558075240676919,0.2655697911977768,3.1055432155859845e-06
6,2017-10-24,1295.0,1006.0,332.0,2865.0,6,0.0,2018,0.45200698080279234,0.33001988071570576,1.0,0.037735849056603765,0.002356982032112123,0.2680487632751465,9.051799514106935e-06
7,2017-10-25,2093.0,1709.0,593.0,4769.0,10,0.0,2018,0.4388760746487733,0.3469865418373318,1.0,0.042452830188679236,0.004004057945208368,0.2798304557800293,1.8058060667128336e-05
8,2017-10-27,1466.0,1235.0,416.0,3345.0,7,0.0,2018,0.4382660687593423,0.3368421052631579,1.0,0.05188679245283023,0.0028935117392231333,0.29630202054977417,4.755482112197699e-06
9,2017-10-28,1574.0,1332.0,507.0,3820.0,8,0.0,2018,0.4120418848167539,0.38063063063063063,1.0,0.05660377358490565,0.003120775414287622,0.26906609535217285,3.884318536630094e-05
10,2017-10-28,1574.0,1332.0,507.0,3820.0,8,0.0,2018,0.4120418848167539,0.38063063063063063,1.0,0.05660377358490565,0.003120775414287622,0.26906609535217285,3.884318536630094e-05
11,2017-10-30,1943.0,1540.0,528.0,4324.0,9,0.0,2018,0.44935245143385755,0.34285714285714286,1.0,0.06603773584905659,0.003608103707209413,0.2718967795372009,1.8168148574792402e-05
12,2017-10-31,827.0,713.0,213.0,1913.0,4,0.0,2018,0.43230527966544696,0.29873772791023845,1.0,0.070754716981132,0.0016705051579482542,0.27561256289482117,8.933414841350488e-07
13,2017-11-01,2617.0,2079.0,730.0,5758.0,12,0.0,2018,0.4544980896144495,0.3511303511303511,1.0,0.07547169811320753,0.004870940004732707,0.2753245532512665,2.799094924650132e-05
14,2017-11-02,427.0,335.0,92.0,950.0,2,0.0,2018,0.4494736842105263,0.2746268656716418,1.0,0.080188679245283,0.0007848797025423074,0.2829594314098358,5.449549419714732e-08
15,2017-11-03,2553.0,2045.0,721.0,5737.0,12,0.0,2018,0.44500610074952063,0.35256723716381416,1.0,0.08490566037735847,0.004791280572235876,0.2846350818872452,2.211069483751386e-05
16,2017-11-03,2553.0,2045.0,721.0,5737.0,12,0.0,2018,0.44500610074952063,0.35256723716381416,1.0,0.08490566037735847,0.004791280572235876,0.2846350818872452,2.211069483751386e-05
17,2017-11-04,1055.0,852.0,290.0,2447.0,5,0.0,2018,0.4311401716387413,0.3403755868544601,1.0,0.08962264150943394,0.0019961716613911815,0.26694151759147644,1.0764480501712967e-05
18,2017-11-05,2112.0,1710.0,572.0,4777.0,10,0.0,2018,0.4421184844044379,0.3345029239766082,1.0,0.09433962264150941,0.004006400869693569,0.30241793394088745,4.124375695820062e-06
19,2017-11-07,2167.0,1685.0,570.0,4780.0,10,0.0,2018,0.45334728033472804,0.33827893175074186,1.0,0.10377358490566035,0.003947827757563546,0.2928636074066162,8.142598794566271e-06
20,2017-11-08,1092.0,860.0,263.0,2389.0,5,0.0,2018,0.4570950188363332,0.3058139534883721,1.0,0.10849056603773588,0.002014915057272789,0.3002896308898926,6.149146015266834e-08
21,2017-11-09,1088.0,859.0,311.0,2379.0,5,0.0,2018,0.4573350147120639,0.3620488940628638,1.0,0.11320754716981135,0.002012572132787588,0.3039427399635315,6.795097896477848e-06
22,2017-11-09,1088.0,859.0,311.0,2379.0,5,0.0,2018,0.4573350147120639,0.3620488940628638,1.0,0.11320754716981135,0.002012572132787588,0.3039427399635315,6.795097896477848e-06
23,2017-11-11,2396.0,1855.0,586.0,5248.0,11,0.0,2018,0.4565548780487805,0.3159029649595687,1.0,0.12264150943396224,0.004346124920047702,0.2895164340734482,3.025985182499238e-06
24,2017-11-11,2396.0,1855.0,586.0,5248.0,11,0.0,2018,0.4565548780487805,0.3159029649595687,1.0,0.12264150943396224,0.004346124920047702,0.2895164340734482,3.025985182499238e-06
25,2017-11-13,1836.0,1500.0,535.0,4294.0,9,0.0,2018,0.42757335817419656,0.3566666666666667,1.0,0.13207547169811318,0.0035143867278013764,0.2884467840194702,1.635578850560284e-05
26,2017-11-13,1836.0,1500.0,535.0,4294.0,9,0.0,2018,0.42757335817419656,0.3566666666666667,1.0,0.13207547169811318,0.0035143867278013764,0.2884467840194702,1.635578850560284e-05
27,2017-11-15,2264.0,1839.0,621.0,5235.0,11,0.0,2018,0.43247373447946513,0.3376835236541599,1.0,0.14150943396226412,0.004308638128284487,0.2915773242712021,9.159223746978224e-06
28,2017-11-15,2264.0,1839.0,621.0,5235.0,11,0.0,2018,0.43247373447946513,0.3376835236541599,1.0,0.14150943396226412,0.004308638128284487,0.2915773242712021,9.159223746978224e-06
29,2017-11-17,2339.0,1922.0,656.0,5293.0,11,0.0,2018,0.44190440204043074,0.3413111342351717,1.0,0.15094339622641506,0.004503100860556163,0.2828572392463684,1.5386455476829272e-05
30,2017-11-17,2339.0,1922.0,656.0,5293.0,11,0.0,2018,0.44190440204043074,0.3413111342351717,1.0,0.15094339622641506,0.004503100860556163,0.2828572392463684,1.5386455476829272e-05
31,2017-11-19,1286.0,1059.0,363.0,2849.0,6,0.0,2018,0.4513864513864514,0.34277620396600567,1.0,0.160377358490566,0.0024811570298277717,0.30913448333740234,2.8080875960829137e-06
32,2017-11-20,2216.0,1853.0,616.0,5302.0,11,0.0,2018,0.4179554884949076,0.3324338909875877,1.0,0.16509433962264153,0.0043414390710773,0.28775686025619507,8.665673344610108e-06
33,2017-11-21,197.0,184.0,76.0,482.0,1,0.0,2018,0.4087136929460581,0.41304347826086957,1.0,0.16981132075471694,0.0004310981052769688,0.30619627237319946,4.921556251752856e-06
34,2017-11-22,2959.0,2411.0,817.0,6736.0,14,0.0,2018,0.4392814726840855,0.3388635420987142,1.0,0.17452830188679247,0.005648790933819412,0.2915928363800049,1.2622334166066863e-05
35,2017-11-22,2959.0,2411.0,817.0,6736.0,14,0.0,2018,0.4392814726840855,0.3388635420987142,1.0,0.17452830188679247,0.005648790933819412,0.2915928363800049,1.2622334166066863e-05
36,2017-11-24,2143.0,1773.0,591.0,4781.0,10,0.0,2018,0.44823258732482746,0.3333333333333333,2.0,0.17924528301886788,0.004154005112261227,0.2770148515701294,1.3175554561142518e-05
37,2017-11-25,2061.0,1665.0,569.0,4737.0,10,0.0,2018,0.435085497150095,0.34174174174174177,1.0,0.1839622641509434,0.0039009692678595278,0.28408676385879517,1.296719819113882e-05
38,2017-11-27,1748.0,1360.0,483.0,3784.0,8,0.0,2018,0.4619450317124736,0.3551470588235294,1.0,0.19339622641509435,0.003186377299873248,0.30520468950271606,7.947590523789041e-06
39,2017-11-29,2236.0,1703.0,532.0,4813.0,10,0.0,2018,0.46457510907957617,0.3123899001761597,1.0,0.2028301886792453,0.003990000398297162,0.28159335255622864,3.7842254855295787e-06
40,2017-11-29,2236.0,1703.0,532.0,4813.0,10,0.0,2018,0.46457510907957617,0.3123899001761597,1.0,0.2028301886792453,0.003990000398297162,0.28159335255622864,3.7842254855295787e-06
41,2017-12-01,1708.0,1356.0,422.0,3807.0,8,0.0,2018,0.44864722878907276,0.3112094395280236,1.0,0.21226415094339623,0.003177005601932444,0.2945602238178253,8.8065446405591e-07
42,2017-12-02,1737.0,1360.0,457.0,3834.0,8,0.0,2018,0.45305164319248825,0.3360294117647059,1.0,0.2169811320754717,0.003186377299873248,0.27139633893966675,1.3310881196900006e-05
43,2017-12-03,1031.0,838.0,285.0,2383.0,5,0.0,2018,0.4326479227864037,0.34009546539379476,1.0,0.22169811320754718,0.001963370718598369,0.2680334448814392,1.0195656130544946e-05
44,2017-12-07,827.0,672.0,231.0,1918.0,4,0.0,2018,0.4311783107403545,0.34375,1.0,0.24056603773584906,0.0015744452540550164,0.29355111718177795,3.96748842226242e-06
45,2017-12-08,1696.0,1375.0,446.0,3927.0,8,0.0,2018,0.4318818436465495,0.32436363636363635,1.0,0.24528301886792453,0.0032215211671512613,0.28178566694259644,5.8402425044600825e-06
46,2017-12-09,2124.0,1676.0,565.0,4823.0,10,0.0,2018,0.4403897988803649,0.3371121718377088,1.0,0.25,0.003926741437196738,0.28322672843933105,1.1401847473652311e-05
47,2017-12-10,1265.0,997.0,341.0,2892.0,6,0.0,2018,0.43741355463347165,0.3420260782347041,1.0,0.2547169811320754,0.0023358957117453148,0.2934485673904419,5.512187274979532e-06
48,2017-12-12,1452.0,1261.0,412.0,3430.0,7,0.0,2018,0.42332361516034983,0.3267248215701824,1.0,0.2641509433962264,0.002954427775838357,0.26921549439430237,9.771246084650948e-06
49,2017-12-13,1868.0,1534.0,489.0,4280.0,9,0.0,2018,0.43644859813084114,0.31877444589308995,1.0,0.2688679245283019,0.0035940461602982075,0.30963069200515747,3.004918565571786e-07
50,2017-12-14,1068.0,842.0,295.0,2380.0,5,0.0,2018,0.44873949579831934,0.3503562945368171,1.0,0.27358490566037735,0.0019727424165391725,0.28548699617385864,8.30135112384541e-06
51,2017-12-15,2298.0,1940.0,667.0,5467.0,11,0.0,2018,0.42034022315712455,0.3438144329896907,1.0,0.2783018867924528,0.0045452735012897795,0.2900758981704712,1.3125977741191074e-05
52,2017-12-18,2109.0,1719.0,541.0,4833.0,10,0.0,2018,0.43637492240844195,0.314717859220477,1.0,0.29245283018867924,0.004027487190060377,0.2982897460460663,1.086949932519263e-06
53,2017-12-19,652.0,506.0,187.0,1424.0,3,0.0,2018,0.45786516853932585,0.3695652173913043,1.0,0.2971698113207547,0.0011855197895116643,0.27546319365501404,1.0498004017788096e-05
54,2017-12-22,1931.0,1542.0,514.0,4265.0,9,0.0,2018,0.45275498241500584,0.3333333333333333,1.0,0.3113207547169811,0.003612789556179815,0.2797272801399231,1.0381744363272849e-05
55,2017-12-23,2714.0,2202.0,699.0,6231.0,13,0.0,2018,0.43556411490932434,0.31743869209809267,1.0,0.3160377358490566,0.00515911971641242,0.3030875325202942,1.0625505316395931e-06
56,2017-12-27,2140.0,1702.0,581.0,4801.0,10,0.0,2018,0.44574047073526346,0.34136310223266747,1.0,0.330188679245283,0.003987657473811961,0.26041001081466675,2.6132726492251414e-05
57,2017-12-29,1947.0,1573.0,528.0,4293.0,9,0.0,2018,0.453529000698812,0.3356643356643357,1.0,0.33962264150943394,0.0036854202152210433,0.28211405873298645,1.0568429530159895e-05
58,2017-12-30,1480.0,1208.0,382.0,3325.0,7,0.0,2018,0.44511278195488724,0.3162251655629139,1.0,0.3443396226415094,0.0028302527781227083,0.2636449337005615,7.824745465855564e-06
59,2018-01-03,2645.0,2067.0,686.0,5679.0,12,0.0,2018,0.4657510125022011,0.331881954523464,1.0,0.3632075471698113,0.004842824910910297,0.28310365974903107,1.1522640051724126e-05
60,2018-01-03,2645.0,2067.0,686.0,5679.0,12,0.0,2018,0.4657510125022011,0.331881954523464,1.0,0.3632075471698113,0.004842824910910297,0.28310365974903107,1.1522640051724126e-05
61,2018-01-05,2050.0,1711.0,586.0,4781.0,10,0.0,2018,0.4287805898347626,0.342489772063121,1.0,0.37264150943396224,0.00400874379417877,0.28063443303108215,1.5337786349046183e-05
62,2018-01-06,1707.0,1393.0,454.0,3824.0,8,0.0,2018,0.44639121338912136,0.32591529073941133,1.0,0.37735849056603776,0.003263693807884878,0.2749766707420349,8.468446685772368e-06
63,2018-01-07,1081.0,867.0,283.0,2372.0,5,0.0,2018,0.4557335581787521,0.3264129181084198,1.0,0.38207547169811323,0.0020313155286691953,0.2846757173538208,3.5385393144166023e-06
64,2018-01-08,1762.0,1418.0,469.0,3849.0,8,0.0,2018,0.45778124188100805,0.3307475317348378,1.0,0.3867924528301887,0.003322266920014901,0.2784334421157837,9.092260414291512e-06
65,2018-01-09,800.0,678.0,208.0,1906.0,4,0.0,2018,0.4197271773347324,0.30678466076696165,1.0,0.3915094339622642,0.001588502800966222,0.28861352801322937,5.245078439833714e-07
66,2018-01-11,859.0,698.0,246.0,1908.0,4,0.0,2018,0.45020964360587,0.3524355300859599,1.0,0.4009433962264151,0.0016353612906702404,0.28204604983329773,8.102690130213798e-06
67,2018-01-12,1869.0,1513.0,505.0,4312.0,9,0.0,2018,0.43344155844155846,0.33377395902181095,1.0,0.4056603773584906,0.003544844746108988,0.2722245752811432,1.3429029782293332e-05
68,2018-01-13,1517.0,1239.0,406.0,3429.0,7,0.0,2018,0.44240303295421407,0.327683615819209,1.0,0.41037735849056606,0.0029028834371639368,0.28543129563331604,5.182397508046822e-06
69,2018-01-14,855.0,679.0,227.0,1943.0,4,0.0,2018,0.4400411734431292,0.33431516936671574,1.0,0.41509433962264153,0.001590845725451423,0.28548264503479004,3.7935552678419326e-06
70,2018-01-15,2369.0,1875.0,619.0,5238.0,11,0.0,2018,0.45227185948835436,0.33013333333333333,1.0,0.419811320754717,0.00439298340975172,0.30277588963508606,3.2878393683772966e-06
71,2018-01-16,875.0,733.0,253.0,1937.0,4,0.0,2018,0.45172947857511614,0.3451568894952251,1.0,0.42452830188679247,0.0017173636476522725,0.2321542352437973,2.193004660814131e-05
72,2018-01-17,2094.0,1716.0,580.0,4777.0,10,0.0,2018,0.4383504291396274,0.337995337995338,1.0,0.42924528301886794,0.004020458416604774,0.2914378046989441,8.714761370335581e-06
73,2018-01-17,2094.0,1716.0,580.0,4777.0,10,0.0,2018,0.4383504291396274,0.337995337995338,1.0,0.42924528301886794,0.004020458416604774,0.2914378046989441,8.714761370335581e-06
74,2018-01-19,1418.0,1182.0,399.0,3355.0,7,0.0,2018,0.4226527570789866,0.33756345177664976,1.0,0.4386792452830189,0.0027693367415074846,0.2798054814338684,9.238460673438536e-06
75,2018-01-20,2029.0,1531.0,568.0,4298.0,9,0.0,2018,0.472080037226617,0.37099934683213587,1.0,0.44339622641509435,0.0035870173868426045,0.27642711997032166,3.208194666403952e-05
76,2018-01-21,813.0,685.0,212.0,1893.0,4,0.0,2018,0.4294770206022187,0.3094890510948905,1.0,0.4481132075471698,0.0016049032723626285,0.28854718804359436,7.038489920049601e-07
77,2018-01-22,1899.0,1525.0,512.0,4377.0,9,0.0,2018,0.43385880740233035,0.3357377049180328,1.0,0.4528301886792453,0.0035729598399313993,0.2742154896259308,1.3523592162525902e-05
78,2018-01-23,1087.0,856.0,291.0,2399.0,5,0.0,2018,0.4531054606085869,0.3399532710280374,1.0,0.45754716981132076,0.0020055433593319854,0.29807955026626587,3.516536754187868e-06
79,2018-01-24,1867.0,1554.0,530.0,4326.0,9,0.0,2018,0.43157651410078596,0.3410553410553411,1.0,0.46226415094339623,0.0036409046500022256,0.2598281502723694,2.40221664927933e-05
80,2018-01-26,2066.0,1700.0,577.0,4767.0,10,0.0,2018,0.43339626599538494,0.33941176470588236,1.0,0.4716981132075472,0.00398297162484156,0.2726569324731827,1.774894853041701e-05
81,2018-01-26,2066.0,1700.0,577.0,4767.0,10,0.0,2018,0.43339626599538494,0.33941176470588236,1.0,0.4716981132075472,0.00398297162484156,0.2726569324731827,1.774894853041701e-05
82,2018-01-28,1536.0,1203.0,443.0,3332.0,7,0.0,2018,0.460984393757503,0.36824605153782214,1.0,0.4811320754716981,0.0028185381556967036,0.2671387940645218,2.88130066259498e-05
83,2018-01-28,1536.0,1203.0,443.0,3332.0,7,0.0,2018,0.460984393757503,0.36824605153782214,1.0,0.4811320754716981,0.0028185381556967036,0.2671387940645218,2.88130066259498e-05
84,2018-01-30,1930.0,1559.0,488.0,4281.0,9,0.0,2018,0.45082924550338704,0.3130211674150096,1.0,0.49056603773584906,0.0036526192724282303,0.2708914279937744,6.483088530283799e-06
85,2018-01-31,1672.0,1321.0,447.0,3811.0,8,0.0,2018,0.43872999212805036,0.3383800151400454,1.0,0.49528301886792453,0.003095003244950412,0.2861461937427521,8.444320496012788e-06
86,2018-02-02,1968.0,1561.0,523.0,4285.0,9,0.0,2018,0.45927654609101515,0.3350416399743754,1.0,0.5047169811320755,0.003657305121398632,0.278460368514061,1.1708643932136498e-05
87,2018-02-02,1968.0,1561.0,523.0,4285.0,9,0.0,2018,0.45927654609101515,0.3350416399743754,1.0,0.5047169811320755,0.003657305121398632,0.278460368514061,1.1708643932136498e-05
88,2018-02-03,1931.0,1566.0,553.0,4301.0,9,0.0,2018,0.4489653568937456,0.35312899106002554,1.0,0.5094339622641509,0.003669019743824637,0.2792511284351349,2.0025284432697832e-05
89,2018-02-04,1215.0,1046.0,353.0,2856.0,6,0.0,2018,0.4254201680672269,0.33747609942638623,1.0,0.5141509433962265,0.0024506990115201596,0.2618354856967926,1.402168038732644e-05
90,2018-02-05,1509.0,1192.0,410.0,3327.0,7,0.0,2018,0.45356176735798015,0.34395973154362414,1.0,0.5188679245283019,0.0027927659863594937,0.27693602442741394,1.2545600011702052e-05
91,2018-02-06,1683.0,1355.0,451.0,3788.0,8,0.0,2018,0.4442977824709609,0.3328413284132841,1.0,0.5235849056603774,0.0031746626774472432,0.3362412452697754,3.669730569559662e-08
92,2018-02-08,1236.0,1082.0,376.0,2971.0,6,0.0,2018,0.41602154156849547,0.34750462107208874,1.0,0.5330188679245284,0.0025350442929873928,0.27458271384239197,1.3480363077023304e-05
93,2018-02-09,1858.0,1563.0,526.0,4286.0,9,0.0,2018,0.43350443303779745,0.3365323096609085,1.0,0.5377358490566038,0.003661990970369034,0.27325233817100525,1.4663911089589974e-05
94,2018-02-10,1596.0,1249.0,436.0,3445.0,7,0.0,2018,0.4632801161103048,0.3490792634107286,1.0,0.5424528301886793,0.002926312682015946,0.28313256800174713,1.2726436218732748e-05
95,2018-02-10,1596.0,1249.0,436.0,3445.0,7,0.0,2018,0.4632801161103048,0.3490792634107286,1.0,0.5424528301886793,0.002926312682015946,0.28313256800174713,1.2726436218732748e-05
96,2018-02-12,1245.0,1048.0,329.0,2811.0,6,0.0,2018,0.4429028815368196,0.3139312977099237,1.0,0.5518867924528302,0.0024553848604905617,0.26556870341300964,5.742999159897663e-06
97,2018-02-14,2650.0,2121.0,740.0,5692.0,12,0.0,2018,0.46556570625439214,0.3488920320603489,1.0,0.5613207547169812,0.004969342833111146,0.27744387090206146,2.536769874087069e-05
98,2018-02-14,2650.0,2121.0,740.0,5692.0,12,0.0,2018,0.46556570625439214,0.3488920320603489,1.0,0.5613207547169812,0.004969342833111146,0.27744387090206146,2.536769874087069e-05
99,2018-02-15,487.0,361.0,121.0,955.0,2,0.0,2018,0.5099476439790576,0.33518005540166207,1.0,0.5660377358490566,0.0008457957391575312,0.28663501143455505,1.9932202490771815e-06
100,2018-02-23,2445.0,1989.0,656.0,5285.0,11,0.0,2018,0.46263008514664145,0.3298139768728004,1.0,0.5754716981132075,0.004660076801064625,0.28326645493507385,1.0096856983911824e-05
101,2018-02-23,2445.0,1989.0,656.0,5285.0,11,0.0,2018,0.46263008514664145,0.3298139768728004,1.0,0.5754716981132075,0.004660076801064625,0.28326645493507385,1.0096856983911824e-05
102,2018-02-24,1693.0,1424.0,478.0,3807.0,8,0.0,2018,0.4447071184659837,0.3356741573033708,1.0,0.5801886792452831,0.0033363244669261066,0.27742063999176025,1.1321724592844082e-05
103,2018-02-25,1096.0,886.0,283.0,2411.0,5,0.0,2018,0.4545831605143094,0.3194130925507901,1.0,0.5849056603773585,0.002075831093888013,0.2797338366508484,3.268278458948284e-06
104,2018-02-26,2145.0,1733.0,573.0,4764.0,10,0.0,2018,0.45025188916876574,0.3306405077899596,1.0,0.589622641509434,0.00406028813285319,0.28229954838752747,9.488277647931504e-06
105,2018-02-26,2145.0,1733.0,573.0,4764.0,10,0.0,2018,0.45025188916876574,0.3306405077899596,1.0,0.589622641509434,0.00406028813285319,0.28229954838752747,9.488277647931504e-06
106,2018-02-28,1944.0,1566.0,519.0,4352.0,9,0.0,2018,0.44669117647058826,0.3314176245210728,1.0,0.5990566037735849,0.003669019743824637,0.28969210386276245,6.387833357641086e-06
107,2018-03-01,883.0,720.0,231.0,1967.0,4,0.0,2018,0.4489069649211998,0.32083333333333336,1.0,0.6037735849056604,0.0016869056293446606,0.28410977125167847,2.2749946900308937e-06
108,2018-03-03,1517.0,1228.0,418.0,3356.0,7,0.0,2018,0.45202622169249107,0.34039087947882735,1.0,0.6132075471698113,0.002877111267826727,0.2605445384979248,1.8342844990596318e-05
109,2018-03-04,1526.0,1210.0,396.0,3332.0,7,0.0,2018,0.4579831932773109,0.32727272727272727,1.0,0.6179245283018868,0.00283493862709311,0.28922879695892334,4.103121869098698e-06
110,2018-03-05,1386.0,1156.0,405.0,3339.0,7,0.0,2018,0.41509433962264153,0.35034602076124566,1.0,0.6226415094339622,0.0027084207048922605,0.2729976773262024,1.620384793567286e-05
111,2018-03-06,1775.0,1390.0,472.0,3850.0,8,0.0,2018,0.461038961038961,0.339568345323741,1.0,0.6273584905660378,0.003256665034429275,0.3000181317329407,5.094138610126404e-06
112,2018-03-07,1515.0,1206.0,417.0,3366.0,7,0.0,2018,0.4500891265597148,0.34577114427860695,1.0,0.6320754716981132,0.0028255669291523066,0.2678007185459137,1.717771567313051e-05
113,2018-03-07,1515.0,1206.0,417.0,3366.0,7,0.0,2018,0.4500891265597148,0.34577114427860695,1.0,0.6320754716981132,0.0028255669291523066,0.2678007185459137,1.717771567313051e-05
114,2018-03-09,2085.0,1698.0,581.0,4754.0,10,0.0,2018,0.4385780395456458,0.3421672555948174,1.0,0.6415094339622641,0.003978285775871158,0.28723832964897156,1.2003231749550846e-05
115,2018-03-11,1988.0,1620.0,564.0,4275.0,9,0.0,2018,0.46502923976608185,0.34814814814814815,1.0,0.6509433962264151,0.0037955376660254864,0.2940622866153717,1.1103012009229062e-05
116,2018-03-11,1988.0,1620.0,564.0,4275.0,9,0.0,2018,0.46502923976608185,0.34814814814814815,1.0,0.6509433962264151,0.0037955376660254864,0.2940622866153717,1.1103012009229062e-05
117,2018-03-13,2345.0,1920.0,642.0,5208.0,11,0.0,2018,0.45026881720430106,0.334375,1.0,0.660377358490566,0.004498415011585761,0.2792925089597702,1.3648554703440179e-05
118,2018-03-13,2345.0,1920.0,642.0,5208.0,11,0.0,2018,0.45026881720430106,0.334375,1.0,0.660377358490566,0.004498415011585761,0.2792925089597702,1.3648554703440179e-05
119,2018-03-14,957.0,739.0,241.0,2061.0,4,0.0,2018,0.4643377001455604,0.3261163734776725,1.0,0.6650943396226415,0.001731421194563478,0.29145172238349915,2.080541562825036e-06
120,2018-03-15,1943.0,1603.0,534.0,4307.0,9,0.0,2018,0.4511260738332946,0.33312538989394885,1.0,0.6698113207547169,0.003755707949777071,0.2998760938644409,4.151994052233011e-06
121,2018-03-16,1255.0,1049.0,333.0,2889.0,6,0.0,2018,0.43440636898580826,0.3174451858913251,1.0,0.6745283018867925,0.0024577277849757626,0.28252148628234863,2.9976040534996153e-06
122,2018-03-17,2359.0,1900.0,617.0,5248.0,11,0.0,2018,0.4495045731707317,0.32473684210526316,1.0,0.6792452830188679,0.004451556521881743,0.27654266357421875,1.0339536157501096e-05
123,2018-03-18,934.0,683.0,202.0,1882.0,4,0.0,2018,0.4962805526036132,0.2957540263543192,1.0,0.6839622641509434,0.0016002174233922266,0.3175577223300934,7.607452164588721e-07
124,2018-03-19,1736.0,1398.0,485.0,3915.0,8,0.0,2018,0.4434227330779055,0.3469241773962804,1.0,0.6886792452830188,0.0032754084303108825,0.28323665261268616,1.3285386797290595e-05
125,2018-03-20,1452.0,1229.0,434.0,3339.0,7,0.0,2018,0.4348607367475292,0.3531326281529699,1.0,0.6933962264150944,0.0028794541923119277,0.28591465950012207,1.3010109193783107e-05
126,2018-03-21,1774.0,1389.0,456.0,3819.0,8,0.0,2018,0.4645195077245352,0.3282937365010799,1.0,0.6981132075471698,0.0032543221099440743,0.2883661389350891,5.188082768088174e-06
127,2018-03-22,1310.0,1075.0,398.0,2925.0,6,0.0,2018,0.4478632478632479,0.3702325581395349,1.0,0.7028301886792453,0.0025186438215909863,0.2910899370908737,1.5775662758127917e-05
128,2018-03-22,1310.0,1075.0,398.0,2925.0,6,0.0,2018,0.4478632478632479,0.3702325581395349,1.0,0.7028301886792453,0.0025186438215909863,0.2910899370908737,1.5775662758127917e-05
129,2018-03-24,1242.0,1083.0,397.0,2868.0,6,0.0,2018,0.4330543933054393,0.36657433056325023,1.0,0.7122641509433962,0.0025373872174725936,0.2828668802976608,1.7779312960948864e-05
130,2018-03-24,1242.0,1083.0,397.0,2868.0,6,0.0,2018,0.4330543933054393,0.36657433056325023,1.0,0.7122641509433962,0.0025373872174725936,0.2828668802976608,1.7779312960948864e-05
131,2018-03-26,1099.0,889.0,294.0,2405.0,5,0.0,2018,0.456964656964657,0.33070866141732286,1.0,0.7216981132075472,0.0020828598673436156,0.2876468002796173,3.862296800379691e-06
132,2018-03-27,1612.0,1406.0,470.0,3828.0,8,0.0,2018,0.4211076280041797,0.33428165007112376,1.0,0.7264150943396226,0.00329415182619249,0.2926347553730011,5.713587219401063e-06
133,2018-03-28,1705.0,1360.0,470.0,3809.0,8,0.0,2018,0.44762404830664215,0.34558823529411764,1.0,0.7311320754716981,0.003186377299873248,0.28957295417785645,9.997933393482278e-06
134,2018-03-30,1867.0,1616.0,557.0,4389.0,9,0.0,2018,0.4253816359079517,0.34467821782178215,1.0,0.7405660377358491,0.0037861659680846825,0.2919096499681473,1.0542661499825562e-05
135,2018-03-30,1867.0,1616.0,557.0,4389.0,9,0.0,2018,0.4253816359079517,0.34467821782178215,1.0,0.7405660377358491,0.0037861659680846825,0.2919096499681473,1.0542661499825562e-05
136,2018-04-01,2680.0,2233.0,782.0,6240.0,13,0.0,2018,0.42948717948717946,0.35020152261531573,1.0,0.75,0.0052317503754536485,0.2864866852760315,2.123871179026104e-05
137,2018-04-01,2680.0,2233.0,782.0,6240.0,13,0.0,2018,0.42948717948717946,0.35020152261531573,1.0,0.75,0.0052317503754536485,0.2864866852760315,2.123871179026104e-05
138,2018-04-03,2755.0,2219.0,785.0,6173.0,13,0.0,2018,0.4462983962416977,0.3537629562866156,2.0,0.7547169811320755,0.0051989494326608356,0.29771512746810913,1.6331767190109645e-05
139,2018-04-04,1255.0,1065.0,363.0,2915.0,6,0.0,2018,0.4305317324185249,0.3408450704225352,1.0,0.7594339622641509,0.0024952145767389773,0.29632051289081573,4.946603762071561e-06
140,2018-04-04,1255.0,1065.0,363.0,2915.0,6,0.0,2018,0.4305317324185249,0.3408450704225352,1.0,0.7594339622641509,0.0024952145767389773,0.29632051289081573,4.946603762071561e-06
141,2018-04-06,2139.0,1774.0,602.0,4836.0,10,0.0,2018,0.4423076923076923,0.33934611048478014,1.0,0.7688679245283019,0.004156348036746428,0.2965766191482544,7.602913980498568e-06
142,2018-04-06,2139.0,1774.0,602.0,4836.0,10,0.0,2018,0.4423076923076923,0.33934611048478014,1.0,0.7688679245283019,0.004156348036746428,0.2965766191482544,7.602913980498568e-06
143,2018-04-07,1360.0,1056.0,355.0,2863.0,6,0.0,2018,0.47502619629758996,0.33617424242424243,1.0,0.7735849056603774,0.002474128256372169,0.3086358606815338,1.8762860131427466e-06
144,2018-04-08,1550.0,1227.0,451.0,3343.0,7,0.0,2018,0.46365539934190847,0.36756316218418905,1.0,0.7783018867924528,0.0028747683433415256,0.2992496192455292,1.3415796846463518e-05
145,2018-04-09,1826.0,1554.0,512.0,4278.0,9,0.0,2018,0.4268349696119682,0.32947232947232946,1.0,0.7830188679245284,0.0036409046500022256,0.2933547794818878,4.749477894514341e-06
146,2018-04-10,1282.0,1080.0,406.0,2865.0,6,0.0,2018,0.4474694589877836,0.37592592592592594,1.0,0.7877358490566038,0.002530358444016991,0.28567808866500854,2.0608939898586217e-05
147,2018-04-11,2550.0,2158.0,715.0,5844.0,12,0.0,2018,0.43634496919917864,0.3313253012048193,1.0,0.7924528301886793,0.0050560310390635795,0.2884467840194702,9.295853012693514e-06
148,2018-04-11,2550.0,2158.0,715.0,5844.0,12,0.0,2018,0.43634496919917864,0.3313253012048193,1.0,0.7924528301886793,0.0050560310390635795,0.2884467840194702,9.295853012693514e-06
149,2018-04-14,847.0,680.0,212.0,1896.0,4,1.0,2018,0.4467299578059072,0.31176470588235294,3.0,0.7971698113207547,0.001593188649936624,0.3015865087509155,1.6504748839796115e-07
150,2018-04-17,688.0,515.0,161.0,1417.0,3,1.0,2018,0.4855328158080452,0.312621359223301,1.0,0.8113207547169812,0.0012066061098784725,0.28156813979148865,1.1635332123517753e-06
151,2018-04-19,664.0,490.0,190.0,1414.0,3,1.0,2018,0.4695898161244696,0.3877551020408163,1.0,0.8207547169811321,0.0011480329977484496,0.28344249725341797,1.2491884258571379e-05
152,2018-04-21,904.0,680.0,232.0,1900.0,4,1.0,2018,0.47578947368421054,0.3411764705882353,1.0,0.8301886792452831,0.001593188649936624,0.28227198123931885,5.527948578689453e-06
153,2018-04-28,430.0,345.0,105.0,955.0,2,1.0,2018,0.450261780104712,0.30434782608695654,1.0,0.8632075471698113,0.0008083089473943165,0.30913448333740234,1.8520045437434903e-08
154,2018-05-01,462.0,389.0,140.0,1009.0,2,1.0,2018,0.4578790882061447,0.35989717223650386,1.0,0.8773584905660378,0.0009113976247431569,0.28775686025619507,4.743117950568358e-06
155,2018-05-04,424.0,358.0,127.0,936.0,2,1.0,2018,0.452991452991453,0.3547486033519553,1.0,0.8915094339622641,0.0008387669657019285,0.30619627237319946,1.977249561199516e-06
156,2018-05-06,396.0,354.0,126.0,948.0,2,1.0,2018,0.4177215189873418,0.3559322033898305,1.0,0.9009433962264151,0.0008293952677611248,0.2958482503890991,2.994184436188602e-06
157,2018-05-08,431.0,351.0,118.0,957.0,2,1.0,2018,0.4503657262277952,0.33618233618233617,1.0,0.910377358490566,0.000822366494305522,0.28733742237091064,1.9620230390101647e-06
158,2018-10-17,2415.0,1977.0,644.0,5278.0,11,0.0,2019,0.45755968169761274,0.3257460799190693,1.0,0.009389671361502372,0.004631961707242214,0.2805508077144623,9.461303483261279e-06
159,2018-10-17,2415.0,1977.0,644.0,5278.0,11,0.0,2019,0.45755968169761274,0.3257460799190693,1.0,0.009389671361502372,0.004631961707242214,0.2805508077144623,9.461303483261279e-06
160,2018-10-19,2080.0,1616.0,546.0,4291.0,9,0.0,2019,0.4847354928920997,0.3378712871287129,1.0,0.01877934272300469,0.0037861659680846825,0.2939985543489456,7.287675414542588e-06
161,2018-10-19,2080.0,1616.0,546.0,4291.0,9,0.0,2019,0.4847354928920997,0.3378712871287129,1.0,0.01877934272300469,0.0037861659680846825,0.2939985543489456,7.287675414542588e-06
162,2018-10-22,2012.0,1683.0,620.0,4424.0,9,0.0,2019,0.45479204339963836,0.36838978015448604,1.0,0.032863849765258246,0.003943141908593144,0.2803942859172821,3.053256405246698e-05
163,2018-10-23,728.0,571.0,181.0,1477.0,3,0.0,2019,0.4928909952606635,0.3169877408056042,1.0,0.03755868544600938,0.001337809881049724,0.2945602238178253,6.729096988015716e-07
164,2018-10-24,2369.0,1963.0,708.0,5264.0,11,0.0,2019,0.45003799392097266,0.36067244014263883,1.0,0.04225352112676056,0.004599160764449401,0.27139633893966675,3.6656333437760214e-05
165,2018-10-26,1618.0,1296.0,492.0,3342.0,7,0.0,2019,0.4841412327947337,0.37962962962962965,1.0,0.051643192488262935,0.003036430132820389,0.2807922810316086,2.9662343897598293e-05
166,2018-10-26,1618.0,1296.0,492.0,3342.0,7,0.0,2019,0.4841412327947337,0.37962962962962965,1.0,0.051643192488262935,0.003036430132820389,0.2807922810316086,2.9662343897598293e-05
167,2018-10-27,1921.0,1578.0,566.0,4302.0,9,0.0,2019,0.4465364946536495,0.35868187579214195,1.0,0.056338028169014065,0.003697134837647048,0.28178566694259644,2.1861257878934416e-05
168,2018-10-29,2046.0,1670.0,601.0,4341.0,9,0.0,2019,0.47131997235659984,0.3598802395209581,1.0,0.06572769953051644,0.003912683890285532,0.28322672843933105,2.2989994473288718e-05
169,2018-10-31,1603.0,1254.0,387.0,3446.0,7,0.0,2019,0.4651770168311085,0.30861244019138756,1.0,0.07511737089201875,0.0029380273044419506,0.2934485673904419,6.755789250600789e-07
170,2018-11-01,1395.0,1079.0,386.0,2866.0,6,0.0,2019,0.4867411025819958,0.3577386468952734,1.0,0.07981220657276994,0.0025280155195317898,0.26921549439430237,1.9810410697039428e-05
171,2018-11-03,1673.0,1352.0,489.0,3807.0,8,0.0,2019,0.4394536380351983,0.36168639053254437,1.0,0.08920187793427237,0.0031676339039916407,0.30963069200515747,8.583640887976593e-06
172,2018-11-04,1535.0,1224.0,437.0,3371.0,7,0.0,2019,0.45535449421536633,0.3570261437908497,1.0,0.09389671361502344,0.002867739569885923,0.28548699617385864,1.4676659930417805e-05
173,2018-11-05,1996.0,1585.0,542.0,4424.0,9,0.0,2019,0.4511754068716094,0.3419558359621451,1.0,0.09859154929577468,0.003713535309043454,0.2900758981704712,9.995084060029738e-06
174,2018-11-06,852.0,710.0,280.0,1943.0,4,0.0,2019,0.43849716932578486,0.39436619718309857,1.0,0.10328638497652587,0.0016634763844926514,0.2982897460460663,1.5355025617047706e-05
175,2018-11-07,2018.0,1742.0,625.0,4763.0,10,0.0,2019,0.42368255301280705,0.3587830080367394,1.0,0.10798122065727694,0.0040813744532199984,0.27546319365501404,2.833368290932696e-05
176,2018-11-08,876.0,741.0,271.0,2005.0,4,0.0,2019,0.43690773067331673,0.3657219973009447,1.0,0.11267605633802819,0.0017361070435338798,0.2797272801399231,1.2838670231707354e-05
177,2018-11-10,2153.0,1779.0,583.0,4905.0,10,0.0,2019,0.4389398572884811,0.32771219786396855,1.0,0.12206572769953045,0.004168062659172432,0.28174877166748047,8.805601506954716e-06
178,2018-11-10,2153.0,1779.0,583.0,4905.0,10,0.0,2019,0.4389398572884811,0.32771219786396855,1.0,0.12206572769953045,0.004168062659172432,0.28174877166748047,8.805601506954716e-06
179,2018-11-11,1278.0,1066.0,443.0,2869.0,6,0.0,2019,0.44545137678633673,0.4155722326454034,1.0,0.1267605633802817,0.002497557501224178,0.28211405873298645,4.4484206908776736e-05
180,2018-11-12,1977.0,1568.0,558.0,4358.0,9,0.0,2019,0.4536484625975218,0.35586734693877553,1.0,0.13145539906103287,0.0036737055927950385,0.2636449337005615,3.1244768726307756e-05
181,2018-11-14,2386.0,1928.0,662.0,5289.0,11,0.0,2019,0.4511249763660427,0.3433609958506224,1.0,0.14084507042253525,0.004517158407467369,0.28310365974903107,1.6401560753737448e-05
182,2018-11-14,2386.0,1928.0,662.0,5289.0,11,0.0,2019,0.4511249763660427,0.3433609958506224,1.0,0.14084507042253525,0.004517158407467369,0.28310365974903107,1.6401560753737448e-05
183,2018-11-16,1770.0,1435.0,473.0,3882.0,8,0.0,2019,0.4559505409582689,0.329616724738676,1.0,0.15023474178403756,0.0033620966362633165,0.27780555188655853,9.025204249989359e-06
184,2018-11-16,1770.0,1435.0,473.0,3882.0,8,0.0,2019,0.4559505409582689,0.329616724738676,1.0,0.15023474178403756,0.0033620966362633165,0.27780555188655853,9.025204249989359e-06
185,2018-11-17,2231.0,1794.0,641.0,4836.0,10,0.0,2019,0.46133167907361455,0.3573021181716834,1.0,0.15492957746478875,0.004203206526450446,0.2846757173538208,2.2170208327662104e-05
186,2018-11-19,2023.0,1636.0,577.0,4331.0,9,0.0,2019,0.46709766797506347,0.3526894865525672,1.0,0.16431924882629112,0.003833024457788701,0.28352348506450653,1.8336942779647318e-05
187,2018-11-19,2023.0,1636.0,577.0,4331.0,9,0.0,2019,0.46709766797506347,0.3526894865525672,1.0,0.16431924882629112,0.003833024457788701,0.28352348506450653,1.8336942779647318e-05
188,2018-11-21,2978.0,2322.0,837.0,6239.0,13,0.0,2019,0.4773200833466902,0.36046511627906974,1.0,0.17370892018779344,0.00544027065463653,0.27713531255722046,3.777645705134405e-05
189,2018-11-21,2978.0,2322.0,837.0,6239.0,13,0.0,2019,0.4773200833466902,0.36046511627906974,1.0,0.17370892018779344,0.00544027065463653,0.27713531255722046,3.777645705134405e-05
190,2018-11-23,3004.0,2514.0,866.0,6787.0,14,0.0,2019,0.44261087372918817,0.3444709626093874,2.0,0.17840375586854462,0.005890112155795106,0.28545697033405304,2.0513206663893167e-05
191,2018-11-23,3004.0,2514.0,866.0,6787.0,14,0.0,2019,0.44261087372918817,0.3444709626093874,2.0,0.17840375586854462,0.005890112155795106,0.28545697033405304,2.0513206663893167e-05
192,2018-11-24,1587.0,1262.0,449.0,3339.0,7,0.0,2019,0.4752920035938904,0.35578446909667194,1.0,0.18309859154929575,0.002956770700323558,0.30277588963508606,8.30825806991639e-06
193,2018-11-26,1561.0,1225.0,457.0,3378.0,7,0.0,2019,0.4621077560686797,0.3730612244897959,1.0,0.19248826291079812,0.002870082494371124,0.26173726469278336,3.556900130614855e-05
194,2018-11-26,1561.0,1225.0,457.0,3378.0,7,0.0,2019,0.4621077560686797,0.3730612244897959,1.0,0.19248826291079812,0.002870082494371124,0.26173726469278336,3.556900130614855e-05
195,2018-11-28,2137.0,1763.0,636.0,4771.0,10,0.0,2019,0.44791448333682665,0.36074872376630746,1.0,0.2018779342723005,0.004130575867409217,0.2856803983449936,2.3276842037666656e-05
196,2018-11-28,2137.0,1763.0,636.0,4771.0,10,0.0,2019,0.44791448333682665,0.36074872376630746,1.0,0.2018779342723005,0.004130575867409217,0.2856803983449936,2.3276842037666656e-05
197,2018-11-30,2432.0,1961.0,712.0,5363.0,11,0.0,2019,0.4534775312325191,0.36308006119326874,1.0,0.2112676056338028,0.004594474915478999,0.27642711997032166,3.4498681843727246e-05
198,2018-12-01,1546.0,1213.0,442.0,3397.0,7,0.0,2019,0.4551074477480129,0.36438582028029676,1.0,0.215962441314554,0.002841967400548713,0.28854718804359436,1.634557021687162e-05
199,2018-12-02,1317.0,1054.0,333.0,2828.0,6,0.0,2019,0.4657001414427157,0.3159392789373814,1.0,0.22065727699530513,0.002469442407401767,0.2742154896259308,4.29898954964226e-06
200,2018-12-03,1502.0,1227.0,412.0,3340.0,7,0.0,2019,0.4497005988023952,0.33577832110839445,1.0,0.22535211267605637,0.0028747683433415256,0.29807955026626587,4.085613073823176e-06
201,2018-12-05,2248.0,1800.0,676.0,4804.0,10,0.0,2019,0.46794338051623646,0.37555555555555553,1.0,0.2347417840375587,0.004217264073361652,0.263509139418602,5.294521742208876e-05
202,2018-12-05,2248.0,1800.0,676.0,4804.0,10,0.0,2019,0.46794338051623646,0.37555555555555553,1.0,0.2347417840375587,0.004217264073361652,0.263509139418602,5.294521742208876e-05
203,2018-12-07,2202.0,1794.0,638.0,4851.0,10,0.0,2019,0.45392702535559676,0.3556298773690078,1.0,0.244131455399061,0.004203206526450446,0.2656547278165817,3.4027174178499685e-05
204,2018-12-07,2202.0,1794.0,638.0,4851.0,10,0.0,2019,0.45392702535559676,0.3556298773690078,1.0,0.244131455399061,0.004203206526450446,0.2656547278165817,3.4027174178499685e-05
205,2018-12-09,860.0,712.0,245.0,1910.0,4,0.0,2019,0.450261780104712,0.3441011235955056,1.0,0.2535211267605634,0.0016681622334630533,0.27599164843559265,7.738438796650238e-06
206,2018-12-09,860.0,712.0,245.0,1910.0,4,0.0,2019,0.450261780104712,0.3441011235955056,1.0,0.2535211267605634,0.0016681622334630533,0.27599164843559265,7.738438796650238e-06
207,2018-12-10,2333.0,1899.0,652.0,5285.0,11,0.0,2019,0.441438032166509,0.3433385992627699,1.0,0.25821596244131456,0.004449213597396542,0.27846309542655945,1.8725988105455247e-05
208,2018-12-10,2333.0,1899.0,652.0,5285.0,11,0.0,2019,0.441438032166509,0.3433385992627699,1.0,0.25821596244131456,0.004449213597396542,0.27846309542655945,1.8725988105455247e-05
209,2018-12-12,2448.0,1924.0,676.0,5320.0,11,0.0,2019,0.46015037593984964,0.35135135135135137,1.0,0.2676056338028169,0.004507786709526565,0.282695934176445,2.124775155524232e-05
210,2018-12-12,2448.0,1924.0,676.0,5320.0,11,0.0,2019,0.46015037593984964,0.35135135135135137,1.0,0.2676056338028169,0.004507786709526565,0.282695934176445,2.124775155524232e-05
211,2018-12-14,2069.0,1621.0,615.0,4344.0,9,0.0,2019,0.47628913443830573,0.37939543491671807,1.0,0.27699530516431925,0.0037978805905106872,0.2618354856967926,5.248800734698652e-05
212,2018-12-16,1561.0,1269.0,461.0,3339.0,7,0.0,2019,0.46750524109014674,0.3632781717888101,1.0,0.2863849765258216,0.0029731711717199644,0.27693602442741394,2.2164891219257616e-05
213,2018-12-17,1779.0,1413.0,465.0,3827.0,8,0.0,2019,0.46485497778939117,0.32908704883227174,1.0,0.29107981220657275,0.0033105522975888963,0.3362412452697754,1.694424312518219e-07
214,2018-12-19,2655.0,2114.0,751.0,5800.0,12,0.0,2019,0.45775862068965517,0.3552507095553453,1.0,0.3004694835680751,0.00495294236171474,0.2739175260066986,3.276414337146297e-05
215,2018-12-19,2655.0,2114.0,751.0,5800.0,12,0.0,2019,0.45775862068965517,0.3552507095553453,1.0,0.3004694835680751,0.00495294236171474,0.2739175260066986,3.276414337146297e-05
216,2018-12-21,2101.0,1695.0,599.0,4783.0,10,0.0,2019,0.43926406021325526,0.35339233038348083,1.0,0.30985915492957744,0.003971257002415555,0.28313256800174713,1.960384892317872e-05
217,2018-12-21,2101.0,1695.0,599.0,4783.0,10,0.0,2019,0.43926406021325526,0.35339233038348083,1.0,0.30985915492957744,0.003971257002415555,0.28313256800174713,1.960384892317872e-05
218,2018-12-22,1601.0,1323.0,480.0,3475.0,7,0.0,2019,0.4607194244604317,0.36281179138321995,1.0,0.3145539906103286,0.003099689093920814,0.26556870341300964,2.931133629403296e-05
219,2018-12-23,2399.0,1924.0,636.0,5323.0,11,0.0,2019,0.45068570355062937,0.3305613305613306,1.0,0.3192488262910798,0.004507786709526565,0.28714796900749207,8.495915593197741e-06
220,2018-12-25,1102.0,931.0,337.0,2435.0,5,0.0,2019,0.4525667351129363,0.3619763694951665,2.0,0.323943661971831,0.002181262695722054,0.26773977279663086,1.937078223797835e-05
221,2018-12-26,2262.0,1802.0,628.0,4930.0,10,0.0,2019,0.4588235294117647,0.34850166481687017,1.0,0.3286384976525822,0.004221949922332054,0.28663501143455505,1.6159440713258834e-05
222,2018-12-27,1111.0,929.0,347.0,2431.0,5,0.0,2019,0.45701357466063347,0.37351991388589884,1.0,0.3333333333333333,0.0021765768467516522,0.26818445324897766,2.415033740360227e-05
223,2018-12-28,2123.0,1794.0,571.0,4818.0,10,0.0,2019,0.4406392694063927,0.31828316610925306,1.0,0.3380281690140845,0.004203206526450446,0.29834845662117004,1.6703233479909066e-06
224,2018-12-29,2062.0,1556.0,581.0,4292.0,9,0.0,2019,0.4804287045666356,0.37339331619537275,1.0,0.3427230046948357,0.0036455904989726277,0.2785772383213043,3.2774181670466995e-05
225,2018-12-29,2062.0,1556.0,581.0,4292.0,9,0.0,2019,0.4804287045666356,0.37339331619537275,1.0,0.3427230046948357,0.0036455904989726277,0.2785772383213043,3.2774181670466995e-05
226,2019-01-01,1133.0,921.0,289.0,2431.0,5,0.0,2019,0.4660633484162896,0.31378935939196523,1.0,0.35680751173708924,0.002157833450870045,0.29032760858535767,1.1877875168733997e-06
227,2019-01-02,1948.0,1559.0,526.0,4281.0,9,0.0,2019,0.45503387059098344,0.3373957665169981,1.0,0.3615023474178404,0.0036526192724282303,0.27427148818969727,1.4554498925441165e-05
228,2019-01-04,2244.0,1804.0,631.0,4820.0,10,0.0,2019,0.46556016597510375,0.34977827050997784,1.0,0.37089201877934275,0.004226635771302455,0.28969210386276245,1.5259623562163453e-05
229,2019-01-05,1779.0,1374.0,498.0,3787.0,8,0.0,2019,0.4697649854766306,0.3624454148471616,1.0,0.3755868544600939,0.0032191782426660605,0.27232715487480164,2.614391477455819e-05
230,2019-01-05,1779.0,1374.0,498.0,3787.0,8,0.0,2019,0.4697649854766306,0.3624454148471616,1.0,0.3755868544600939,0.0032191782426660605,0.27232715487480164,2.614391477455819e-05
231,2019-01-07,1722.0,1385.0,495.0,3818.0,8,0.0,2019,0.45102147721320063,0.3574007220216607,1.0,0.38497652582159625,0.003244950412003271,0.28111323714256287,1.888489864183556e-05
232,2019-01-07,1722.0,1385.0,495.0,3818.0,8,0.0,2019,0.45102147721320063,0.3574007220216607,1.0,0.38497652582159625,0.003244950412003271,0.28111323714256287,1.888489864183556e-05
233,2019-01-09,2202.0,1732.0,613.0,4764.0,10,0.0,2019,0.4622166246851385,0.3539260969976905,1.0,0.39436619718309857,0.004057945208367989,0.28366823494434357,2.003069595703064e-05
234,2019-01-09,2202.0,1732.0,613.0,4764.0,10,0.0,2019,0.4622166246851385,0.3539260969976905,1.0,0.39436619718309857,0.004057945208367989,0.28366823494434357,2.003069595703064e-05
235,2019-01-11,2091.0,1643.0,606.0,4303.0,9,0.0,2019,0.4859400418312805,0.3688374923919659,1.0,0.40375586854460094,0.0038494249291851075,0.26828309893608093,3.89222516186341e-05
236,2019-01-12,1699.0,1415.0,502.0,3831.0,8,0.0,2019,0.44348734012007307,0.3547703180212014,1.0,0.4084507042253521,0.0033152381465592984,0.28723832964897156,1.5119373822299456e-05
237,2019-01-13,1619.0,1293.0,459.0,3423.0,7,0.0,2019,0.47297692082968157,0.35498839907192575,1.0,0.4131455399061033,0.0030294013593647863,0.29186657071113586,1.2070241400371731e-05
238,2019-01-14,1272.0,1046.0,391.0,2820.0,6,0.0,2019,0.451063829787234,0.3738049713193117,1.0,0.41784037558685444,0.0024506990115201596,0.29625800251960754,1.4737357834958097e-05
239,2019-01-15,1424.0,1095.0,391.0,2860.0,6,0.0,2019,0.4979020979020979,0.35707762557077627,1.0,0.4225352112676056,0.002565502311295005,0.2720314860343933,1.8555882745523032e-05
240,2019-01-16,1929.0,1499.0,560.0,3904.0,8,0.0,2019,0.49410860655737704,0.3735823882588392,1.0,0.4272300469483568,0.003512043803316175,0.2890026271343231,2.5124234160842763e-05
241,2019-01-16,1929.0,1499.0,560.0,3904.0,8,0.0,2019,0.49410860655737704,0.3735823882588392,1.0,0.4272300469483568,0.003512043803316175,0.2890026271343231,2.5124234160842763e-05
242,2019-01-18,1549.0,1224.0,439.0,3339.0,7,0.0,2019,0.4639113507038035,0.35866013071895425,1.0,0.43661971830985913,0.002867739569885923,0.2998760938644409,9.909654719538455e-06
243,2019-01-19,2263.0,1746.0,675.0,4804.0,10,0.0,2019,0.47106577851790177,0.3865979381443299,1.0,0.4413145539906103,0.004090746151160802,0.28252148628234863,4.431058527421604e-05
244,2019-01-21,2355.0,1921.0,657.0,5288.0,11,0.0,2019,0.4453479576399395,0.3420093701197293,1.0,0.4507042253521127,0.004500757936070962,0.27654266357421875,1.9289751926995946e-05
245,2019-01-25,2075.0,1734.0,644.0,4749.0,10,0.0,2019,0.43693409138766054,0.37139561707035756,1.0,0.4694835680751174,0.004062631057338391,0.3175577223300934,1.1775612944307675e-05
246,2019-01-27,2014.0,1573.0,597.0,4297.0,9,0.0,2019,0.46869909239003954,0.3795295613477432,1.0,0.4788732394366197,0.0036854202152210433,0.28323665261268616,3.4172411316538627e-05
247,2019-01-29,1644.0,1290.0,475.0,3348.0,7,0.0,2019,0.4910394265232975,0.3682170542635659,1.0,0.48826291079812206,0.0030223725859091837,0.28591465950012207,2.0472597382716922e-05
248,2019-01-31,1281.0,1085.0,380.0,2927.0,6,0.0,2019,0.4376494704475572,0.35023041474654376,1.0,0.49765258215962443,0.0025420730664429954,0.2883661389350891,9.728993115358971e-06
249,2019-02-02,2614.0,2121.0,765.0,5714.0,12,0.0,2019,0.45747287364368217,0.3606789250353607,1.0,0.5070422535211268,0.004969342833111146,0.2942432761192322,2.1933165836623034e-05
250,2019-02-04,1386.0,1111.0,420.0,2863.0,6,0.0,2019,0.4841075794621027,0.37803780378037805,1.0,0.5164319248826291,0.0026029891030582195,0.28793659806251526,2.1131657124678336e-05
251,2019-02-06,1653.0,1259.0,475.0,3355.0,7,0.0,2019,0.49269746646795826,0.37728355837966643,1.0,0.5258215962441315,0.0029497419268679553,0.28193914890289307,2.6814795406133212e-05
252,2019-02-08,1795.0,1425.0,501.0,3823.0,8,0.0,2019,0.46952654982997644,0.35157894736842105,1.0,0.5352112676056338,0.0033386673914113075,0.28572070598602295,1.448082864582398e-05
253,2019-02-08,1795.0,1425.0,501.0,3823.0,8,0.0,2019,0.46952654982997644,0.35157894736842105,1.0,0.5352112676056338,0.0033386673914113075,0.28572070598602295,1.448082864582398e-05
254,2019-02-09,1973.0,1602.0,569.0,4307.0,9,0.0,2019,0.4580914789876945,0.35518102372034954,1.0,0.539906103286385,0.00375336502529187,0.29110385477542877,1.5410879827076855e-05
255,2019-02-09,1973.0,1602.0,569.0,4307.0,9,0.0,2019,0.4580914789876945,0.35518102372034954,1.0,0.539906103286385,0.00375336502529187,0.29110385477542877,1.5410879827076855e-05
256,2019-02-11,1991.0,1545.0,625.0,4303.0,9,0.0,2019,0.4627004415524053,0.4045307443365696,1.0,0.5492957746478874,0.0036198183296354174,0.3013803958892822,3.851484670130538e-05
257,2019-02-12,1095.0,895.0,311.0,2360.0,5,0.0,2019,0.4639830508474576,0.3474860335195531,1.0,0.5539906103286385,0.002096917414254821,0.28243890404701233,8.872328192393102e-06
258,2019-02-13,2595.0,2011.0,750.0,5386.0,11,0.0,2019,0.4818046787968808,0.37294878170064644,1.0,0.5586854460093896,0.004711621139739045,0.2844390273094177,3.6910729862300735e-05
259,2019-02-14,666.0,559.0,209.0,1440.0,3,0.0,2019,0.4625,0.3738819320214669,1.0,0.5633802816901409,0.0013096947872273128,0.28853434324264526,9.540093058361295e-06
260,2019-02-21,1298.0,1106.0,418.0,2879.0,6,0.0,2019,0.450850989927058,0.3779385171790235,7.0,0.568075117370892,0.0025912744806322148,0.29771512746810913,1.6676904237461066e-05
261,2019-02-22,2121.0,1664.0,615.0,4407.0,9,0.0,2019,0.48127978216473793,0.36959134615384615,1.0,0.5727699530516432,0.003898626343374327,0.290223091840744,2.4558694089195605e-05
262,2019-02-23,2826.0,2166.0,798.0,5752.0,12,0.0,2019,0.49130737134909597,0.3684210526315789,1.0,0.5774647887323944,0.005074774434945187,0.2889316976070404,3.206525438246907e-05
263,2019-02-25,2455.0,1985.0,763.0,5222.0,11,0.0,2019,0.47012638835695136,0.38438287153652395,1.0,0.5868544600938967,0.004650705103123821,0.29314781725406647,3.8711702516294055e-05
264,2019-02-25,2455.0,1985.0,763.0,5222.0,11,0.0,2019,0.47012638835695136,0.38438287153652395,1.0,0.5868544600938967,0.004650705103123821,0.29314781725406647,3.8711702516294055e-05
265,2019-02-27,2529.0,2040.0,730.0,5337.0,11,0.0,2019,0.47386172006745364,0.35784313725490197,1.0,0.596244131455399,0.004779565949809872,0.29300279915332794,2.009458308375234e-05
266,2019-02-27,2529.0,2040.0,730.0,5337.0,11,0.0,2019,0.47386172006745364,0.35784313725490197,1.0,0.596244131455399,0.004779565949809872,0.29300279915332794,2.009458308375234e-05
267,2019-03-01,1723.0,1326.0,488.0,3524.0,7,0.0,2019,0.48893303064699206,0.3680241327300151,1.0,0.6056338028169014,0.0031067178673764165,0.3009226769208908,1.3988324558017417e-05
268,2019-03-01,1723.0,1326.0,488.0,3524.0,7,0.0,2019,0.48893303064699206,0.3680241327300151,1.0,0.6056338028169014,0.0031067178673764165,0.3009226769208908,1.3988324558017417e-05
269,2019-03-02,1988.0,1563.0,569.0,4288.0,9,0.0,2019,0.46361940298507465,0.364043506078055,1.0,0.6103286384976526,0.003661990970369034,0.2966068983078003,1.6653621935384484e-05
270,2019-03-04,1534.0,1238.0,467.0,3325.0,7,0.0,2019,0.4613533834586466,0.3772213247172859,1.0,0.6197183098591549,0.002900540512678736,0.29758231341838837,1.8396307282475687e-05
271,2019-03-04,1534.0,1238.0,467.0,3325.0,7,0.0,2019,0.4613533834586466,0.3772213247172859,1.0,0.6197183098591549,0.002900540512678736,0.29758231341838837,1.8396307282475687e-05
272,2019-03-06,2176.0,1750.0,623.0,4740.0,10,0.0,2019,0.45907172995780593,0.356,1.0,0.6291079812206573,0.004100117849101605,0.3056606352329254,1.0389910380835414e-05
273,2019-03-07,465.0,375.0,140.0,1005.0,2,0.0,2019,0.4626865671641791,0.37333333333333335,1.0,0.6338028169014085,0.0008785966819503441,0.290004163980484,6.100756118871653e-06
274,2019-03-09,1406.0,1150.0,440.0,2908.0,6,0.0,2019,0.48349381017881704,0.3826086956521739,1.0,0.6431924882629108,0.0026943631579810553,0.2873401343822479,2.445430613449767e-05
275,2019-03-10,1952.0,1588.0,578.0,4280.0,9,0.0,2019,0.45607476635514016,0.36397984886649876,1.0,0.647887323943662,0.003720564082499057,0.29717256128787994,1.66056724865605e-05
276,2019-03-10,1952.0,1588.0,578.0,4280.0,9,0.0,2019,0.45607476635514016,0.36397984886649876,1.0,0.647887323943662,0.003720564082499057,0.29717256128787994,1.66056724865605e-05
277,2019-03-12,1565.0,1261.0,427.0,3341.0,7,0.0,2019,0.4684226279557019,0.3386201427438541,1.0,0.6572769953051644,0.002954427775838357,0.3000572770833969,4.393513615016498e-06
278,2019-03-12,1565.0,1261.0,427.0,3341.0,7,0.0,2019,0.4684226279557019,0.3386201427438541,1.0,0.6572769953051644,0.002954427775838357,0.3000572770833969,4.393513615016498e-06
279,2019-03-15,1764.0,1438.0,440.0,3814.0,8,0.0,2019,0.4625065547981122,0.30598052851182195,1.0,0.6713615023474179,0.0033691254097189195,0.3229471743106842,9.698602590264782e-07
280,2019-03-16,1845.0,1443.0,530.0,3863.0,8,0.0,2019,0.4776080766243852,0.3672903672903673,1.0,0.676056338028169,0.003380840032144924,0.3042915463447571,1.3418051831803729e-05
281,2019-03-17,1764.0,1452.0,539.0,3816.0,8,0.0,2019,0.46226415094339623,0.3712121212121212,1.0,0.6807511737089202,0.003401926352511732,0.30313706398010254,1.5765252746940916e-05
282,2019-03-18,2009.0,1609.0,586.0,4359.0,9,0.0,2019,0.4608855242027988,0.3642013673088875,1.0,0.6854460093896714,0.0037697654966882765,0.2843194901943207,2.4055304485943474e-05
283,2019-03-19,1365.0,1051.0,437.0,2829.0,6,0.0,2019,0.48250265111346763,0.41579448144624165,1.0,0.6901408450704225,0.0024624136339461643,0.29569390416145325,3.551822032864329e-05
284,2019-03-20,2101.0,1669.0,645.0,4462.0,9,0.0,2019,0.4708650829224563,0.3864589574595566,1.0,0.6948356807511737,0.003910340965800331,0.29225602746009827,3.470111659607249e-05
285,2019-03-22,1525.0,1250.0,482.0,3399.0,7,0.0,2019,0.4486613709914681,0.3856,1.0,0.704225352112676,0.0029286556065011467,0.29151439666748047,2.5924754503816065e-05
286,2019-03-24,1774.0,1426.0,529.0,3807.0,8,0.0,2019,0.4659837142106646,0.3709677419354839,1.0,0.7136150234741784,0.0033410103158965083,0.2866113632917404,2.3774624790264484e-05
287,2019-03-24,1774.0,1426.0,529.0,3807.0,8,0.0,2019,0.4659837142106646,0.3709677419354839,1.0,0.7136150234741784,0.0033410103158965083,0.2866113632917404,2.3774624790264484e-05
288,2019-03-26,2227.0,1810.0,692.0,4809.0,10,0.0,2019,0.4630900395092535,0.38232044198895027,1.0,0.7230046948356808,0.0042406933182136605,0.3334789574146271,1.0116134113489314e-05
289,2019-03-28,1761.0,1433.0,520.0,3808.0,8,0.0,2019,0.46244747899159666,0.3628750872295883,1.0,0.7323943661971831,0.003357410787292915,0.30853015184402466,9.915683018608759e-06
290,2019-03-31,1552.0,1296.0,509.0,3381.0,7,0.0,2019,0.4590357882283348,0.39274691358024694,1.0,0.7464788732394366,0.003036430132820389,0.3493815064430237,5.71018460578085e-06
291,2019-04-01,2054.0,1606.0,583.0,4307.0,9,0.0,2019,0.4768980729045739,0.363013698630137,1.0,0.7511737089201878,0.0037627367232326734,0.2976527214050293,1.6074627051351285e-05
292,2019-04-04,669.0,568.0,216.0,1438.0,3,0.0,2019,0.46522948539638387,0.38028169014084506,1.0,0.7652582159624414,0.0013307811075941212,0.296904593706131,9.2512445362155e-06
293,2019-04-06,473.0,362.0,131.0,960.0,2,0.0,2019,0.49270833333333336,0.36187845303867405,1.0,0.7746478873239436,0.0008481386636427321,0.2875877320766449,4.680971615523806e-06
294,2019-04-07,3212.0,2563.0,978.0,6785.0,14,0.0,2019,0.47339719970523214,0.3815840811548966,1.0,0.7793427230046949,0.006004915455569951,0.29576295614242554,4.422779662575544e-05
295,2019-04-14,778.0,694.0,251.0,1897.0,4,1.0,2019,0.41012124406958356,0.361671469740634,1.0,0.7981220657276995,0.0016259895927294367,0.302087664604187,5.772636762756483e-06
296,2019-04-17,625.0,532.0,204.0,1435.0,3,1.0,2019,0.4355400696864111,0.38345864661654133,1.0,0.812206572769953,0.0012464358261268882,0.29350560903549194,1.008559652514002e-05
297,2019-04-20,867.0,691.0,272.0,1907.0,4,1.0,2019,0.45464079706345045,0.39363241678726485,1.0,0.8262910798122066,0.001618960819273834,0.2590997815132141,2.9301620362034562e-05
298,2019-04-22,429.0,344.0,143.0,951.0,2,1.0,2019,0.45110410094637227,0.41569767441860467,1.0,0.8356807511737089,0.0008059660229091157,0.431147962808609,1.9239328681613011e-07
299,2019-04-28,406.0,325.0,139.0,952.0,2,1.0,2019,0.4264705882352941,0.4276923076923077,1.0,0.863849765258216,0.0007614504576902982,0.2283439040184021,3.025987827425732e-05
300,2019-04-30,449.0,342.0,151.0,954.0,2,1.0,2019,0.47064989517819705,0.4415204678362573,1.0,0.8732394366197183,0.0008012801739387138,0.37538450956344604,3.504771417302398e-06
301,2019-05-03,516.0,407.0,161.0,1160.0,2,1.0,2019,0.44482758620689655,0.3955773955773956,1.0,0.8873239436619718,0.0009535702654767734,0.29635000228881836,9.388924903624536e-06
302,2019-05-06,434.0,369.0,161.0,947.0,2,1.0,2019,0.4582893347412883,0.4363143631436314,1.0,0.9014084507042253,0.0008645391350391385,0.304934024810791,1.4922631310061796e-05
303,2019-05-08,409.0,351.0,164.0,948.0,2,1.0,2019,0.43143459915611815,0.4672364672364672,1.0,0.9107981220657277,0.000822366494305522,0.31862005591392517,1.816347530147872e-05
304,2019-05-15,208.0,185.0,86.0,480.0,1,1.0,2019,0.43333333333333335,0.4648648648648649,1.0,0.9342723004694836,0.00043344102976216974,0.2788936495780945,1.4990684975807165e-05
305,2019-05-17,226.0,179.0,73.0,467.0,1,1.0,2019,0.48394004282655245,0.40782122905027934,1.0,0.9436619718309859,0.00041938348285096424,0.316719651222229,3.480672160232831e-06
306,2019-05-19,230.0,204.0,89.0,580.0,1,1.0,2019,0.39655172413793105,0.4362745098039216,1.0,0.9530516431924883,0.00047795659498098714,0.25872036814689636,1.5067807835186618e-05
307,2019-05-21,222.0,167.0,76.0,472.0,1,1.0,2019,0.4703389830508475,0.4550898203592814,1.0,0.9624413145539906,0.0003912683890285532,0.2370225340127945,1.8606119272533566e-05
308,2019-05-23,204.0,168.0,74.0,476.0,1,1.0,2019,0.42857142857142855,0.44047619047619047,2.0,0.9671361502347418,0.0003936113135137541,0.27194923162460327,1.1179087113307217e-05
309,2019-05-25,194.0,149.0,61.0,471.0,1,1.0,2019,0.4118895966029724,0.40939597315436244,2.0,0.971830985915493,0.0003490957482949367,0.24891462922096252,8.990703277633878e-06
